{
  "B01": [
    1354.2022705078125,
    243.58827209472656
  ],
  "B02": [
    1117.0426025390625,
    330.03863525390625
  ],
  "B03": [
    1040.6910400390625,
    392.7661437988281
  ],
  "B04": [
    944.4840698242188,
    591.4191284179688
  ],
  "B05": [
    1196.7117919921875,
    564.775146484375
  ],
  "B06": [
    1999.546142578125,
    861.93896484375
  ],
  "B07": [
    2370.23681640625,
    1089.095703125
  ],
  "B08": [
    2298.342041015625,
    1120.7529296875
  ],
  "B8A": [
    733.8604736328125,
    406.9093933105469
  ],
  "B09": [
    12.105291366577148,
    4.638512134552002
  ],
  "B10": [
    1815.6160888671875,
    1002.9273681640625
  ],
  "B11": [
    1115.7611083984375,
    762.5756225585938
  ],
  "B12": [
    2595.364501953125,
    1233.9088134765625
  ]
}