dataset,model_arch,starting_modality,new_modality,lr,weight_decay,epochs,mask_ratio,modality_dropout,labeled_frequency,labeled_start_fraction,trainable_params,active_losses,use_mfla,warmup_epochs,intermediate_projector_type,tz_fusion_time,metric_name,teacher_test_metric,transfer_metric,peeking_metric,addition_metric,addition_ens_metric,valchecked_transfer,valchecked_peek,valchecked_add,valchecked_add_ens,valchecked_val_transfer,valchecked_val_peek,valchecked_val_add,valchecked_val_add_ens,stage0_checkpoint,shote2e_checkpoint
benv2,evan_base,s2,s1,0.000229,0.000788,64,0.467,0.356,0.433,0.5,163878694,latent+prefusion+distill+ce,False,3,cross,3,mAP,61.48,46.84,63.13,63.23,63.35,46.84,63.13,63.23,63.35,35.58,66.56,65.56,50.57,checkpoints/sft_evan_base_benv2_s2_fft_lr0.001_20260417_062121.pt,checkpoints/delulunet_benv2_0420_0723.pt
benv2,evan_base,s2,s2_rgb,0.000229,0.000788,64,0.467,0.356,0.433,0.5,164272166,latent+prefusion+distill+ce,False,3,cross,3,mAP,61.48,56.97,62.93,62.91,61.5,56.97,62.93,62.7,61.5,52.18,66.3,65.06,58.61,checkpoints/sft_evan_base_benv2_s2_fft_lr0.001_20260417_062121.pt,checkpoints/delulunet_benv2_0420_0725.pt
benv2,evan_base,s2,s2_rgb,0.000192,0.00353,64,0.322,0.283,0.296,0.5,164272166,latent+prefusion+distill+ce,False,3,cross,3,mAP,61.48,55.27,63.5,63.54,62.07,56.97,62.85,62.7,62.07,50.97,66.89,66.29,57.81,checkpoints/sft_evan_base_benv2_s2_fft_lr0.001_20260417_062121.pt,checkpoints/delulunet_benv2_0420_0731.pt
benv2,evan_base,s2_rgb,s2,0.000229,0.000788,64,0.467,0.356,0.433,0.5,164272166,latent+prefusion+distill+ce,False,3,cross,3,mAP,65.71,59.69,66.25,66.27,65.11,59.69,67.15,66.12,65.11,55.26,71.7,69.02,62.12,checkpoints/sft_evan_base_benv2_s2_rgb_fft_lr0.001_20260417_073911.pt,checkpoints/delulunet_benv2_0420_0731.pt
benv2,evan_base,s2,s1,0.000192,0.00353,64,0.322,0.283,0.296,0.5,163878694,latent+prefusion+distill+ce,False,3,cross,3,mAP,61.48,43.56,63.26,63.5,63.81,43.98,63.26,63.39,63.81,34.48,66.83,65.76,49.94,checkpoints/sft_evan_base_benv2_s2_fft_lr0.001_20260417_062121.pt,checkpoints/delulunet_benv2_0420_0731.pt
benv2,evan_base,s2,s2_rgb,0.000192,0.00353,64,0.322,0.283,0.296,0.5,164272166,latent+prefusion+distill+ce,False,3,cross,3,mAP,61.48,54.1,63.17,63.08,62.26,56.69,63.5,63.15,62.26,49.12,67.08,65.98,55.81,checkpoints/sft_evan_base_benv2_s2_fft_lr0.001_20260417_062121.pt,checkpoints/delulunet_benv2_0420_0732.pt
benv2,evan_base,s2,s1,0.000192,0.00353,64,0.322,0.283,0.296,0.5,163878694,latent+prefusion+distill+ce,False,3,cross,3,mAP,61.48,42.93,63.15,63.21,63.85,42.93,63.44,63.45,63.85,34.96,67.07,66.29,50.32,checkpoints/sft_evan_base_benv2_s2_fft_lr0.001_20260417_062121.pt,checkpoints/delulunet_benv2_0420_0733.pt
benv2,evan_base,s2_rgb,s1,0.000229,0.000788,64,0.467,0.356,0.433,0.5,160337446,latent+prefusion+distill+ce,False,3,cross,3,mAP,65.71,42.42,65.35,64.9,62.19,41.69,67.01,64.9,62.19,37.27,71.52,68.54,52.5,checkpoints/sft_evan_base_benv2_s2_rgb_fft_lr0.001_20260417_073911.pt,checkpoints/delulunet_benv2_0420_0733.pt
benv2,evan_base,s2,s2_norgb,0.000229,0.000788,64,0.467,0.356,0.433,0.5,166632998,latent+prefusion+distill+ce,False,3,cross,3,mAP,61.48,61.32,62.75,63.36,62.25,61.32,62.77,62.67,62.25,59.16,66.3,65.31,62.11,checkpoints/sft_evan_base_benv2_s2_fft_lr0.001_20260417_062121.pt,checkpoints/delulunet_benv2_0420_0735.pt
benv2,evan_base,s2,s1,0.000192,0.00353,64,0.322,0.283,0.296,0.5,163878694,latent+prefusion+distill+ce,False,3,cross,3,mAP,61.48,43.22,64.3,64.46,64.65,44.89,64.3,64.46,64.65,34.4,67.02,65.95,50.15,checkpoints/sft_evan_base_benv2_s2_fft_lr0.001_20260417_062121.pt,checkpoints/delulunet_benv2_0420_0736.pt
benv2,evan_base,s2,s2_norgb,0.000192,0.00353,64,0.322,0.283,0.296,0.5,166632998,latent+prefusion+distill+ce,False,3,cross,3,mAP,61.48,61.35,63.41,63.36,62.84,62.63,63.32,63.36,62.84,59.46,66.75,65.83,62.56,checkpoints/sft_evan_base_benv2_s2_fft_lr0.001_20260417_062121.pt,checkpoints/delulunet_benv2_0420_0737.pt
benv2,evan_base,s2,s2_norgb,0.000192,0.00353,64,0.322,0.283,0.296,0.5,166632998,latent+prefusion+distill+ce,False,3,cross,3,mAP,61.48,62.91,64.03,64.07,63.78,62.45,63.58,63.56,63.78,59.39,66.57,65.63,62.19,checkpoints/sft_evan_base_benv2_s2_fft_lr0.001_20260417_062121.pt,checkpoints/delulunet_benv2_0420_0739.pt
benv2,evan_base,s2,s2_rgb,0.000192,0.00353,64,0.322,0.283,0.296,0.5,164272166,latent+prefusion+distill+ce,False,3,cross,3,mAP,61.48,55.76,63.18,63.08,62.76,58.09,62.46,63.09,62.76,49.9,67.09,65.63,57.2,checkpoints/sft_evan_base_benv2_s2_fft_lr0.001_20260417_062121.pt,checkpoints/delulunet_benv2_0420_0739.pt
benv2,evan_base,s2_rgb,s2_norgb,0.000229,0.000788,64,0.467,0.356,0.433,0.5,163091750,latent+prefusion+distill+ce,False,3,cross,3,mAP,65.71,58.67,64.05,64.21,63.8,60.94,67.14,65.32,63.8,53.94,71.16,68.63,60.51,checkpoints/sft_evan_base_benv2_s2_rgb_fft_lr0.001_20260417_073911.pt,checkpoints/delulunet_benv2_0420_0740.pt
benv2,evan_base,s2,s2_norgb,0.000192,0.00353,64,0.322,0.283,0.296,0.5,166632998,latent+prefusion+distill+ce,False,3,cross,3,mAP,61.48,62.7,63.91,63.97,63.72,62.7,63.91,63.97,63.72,59.29,66.39,65.89,62.59,checkpoints/sft_evan_base_benv2_s2_fft_lr0.001_20260417_062121.pt,checkpoints/delulunet_benv2_0420_0741.pt
benv2,evan_base,s2_rgb,s1,0.000192,0.00353,64,0.322,0.283,0.296,0.5,160337446,latent+prefusion+distill+ce,False,3,cross,3,mAP,65.71,43.41,64.9,64.92,61.14,43.41,67.63,65.55,61.14,40.03,71.54,69.06,54.0,checkpoints/sft_evan_base_benv2_s2_rgb_fft_lr0.001_20260417_073911.pt,checkpoints/delulunet_benv2_0420_0741.pt
benv2,evan_base,s2_rgb,s2,0.000192,0.00353,64,0.322,0.283,0.296,0.5,164272166,latent+prefusion+distill+ce,False,3,cross,3,mAP,65.71,60.05,66.34,66.38,66.24,60.05,67.38,66.38,66.24,53.85,71.14,69.08,61.47,checkpoints/sft_evan_base_benv2_s2_rgb_fft_lr0.001_20260417_073911.pt,checkpoints/delulunet_benv2_0420_0742.pt
benv2,evan_base,s2_rgb,s2,0.000192,0.00353,64,0.322,0.283,0.296,0.5,164272166,latent+prefusion+distill+ce,False,3,cross,3,mAP,65.71,59.18,65.96,66.03,64.68,59.18,67.75,66.22,64.68,53.91,71.41,68.96,61.4,checkpoints/sft_evan_base_benv2_s2_rgb_fft_lr0.001_20260417_073911.pt,checkpoints/delulunet_benv2_0420_0743.pt
benv2,evan_base,s2_rgb,s2,0.000192,0.00353,64,0.322,0.283,0.296,0.5,164272166,latent+prefusion+distill+ce,False,3,cross,3,mAP,65.71,57.44,66.26,66.32,64.58,57.44,67.96,66.32,64.58,52.86,71.29,68.78,60.82,checkpoints/sft_evan_base_benv2_s2_rgb_fft_lr0.001_20260417_073911.pt,checkpoints/delulunet_benv2_0420_0748.pt
benv2,evan_base,s2_rgb,s2_norgb,0.000192,0.00353,64,0.322,0.283,0.296,0.5,163091750,latent+prefusion+distill+ce,False,3,cross,3,mAP,65.71,58.61,65.47,65.59,64.88,58.61,67.21,65.81,64.88,51.86,71.37,69.02,60.19,checkpoints/sft_evan_base_benv2_s2_rgb_fft_lr0.001_20260417_073911.pt,checkpoints/delulunet_benv2_0420_0749.pt
benv2,evan_base,s1,s2_rgb,0.000192,0.00353,64,0.322,0.283,0.296,0.5,160337446,latent+prefusion+distill+ce,False,3,cross,3,mAP,49.23,40.55,49.53,49.92,50.41,40.55,51.02,49.58,50.41,29.77,53.58,51.05,40.03,checkpoints/sft_evan_base_benv2_s1_fft_lr0.0005_20260418_064233.pt,checkpoints/delulunet_benv2_0420_0752.pt
benv2,evan_base,s2_rgb,s1,0.000192,0.00353,64,0.322,0.283,0.296,0.5,160337446,latent+prefusion+distill+ce,False,3,cross,3,mAP,65.71,42.65,65.44,65.45,61.99,43.58,67.04,65.98,61.99,37.99,70.98,68.74,52.79,checkpoints/sft_evan_base_benv2_s2_rgb_fft_lr0.001_20260417_073911.pt,checkpoints/delulunet_benv2_0420_0752.pt
benv2,evan_base,s2_rgb,s1,0.000192,0.00353,64,0.322,0.283,0.296,0.5,160337446,latent+prefusion+distill+ce,False,3,cross,3,mAP,65.71,43.43,66.04,66.0,63.78,43.39,67.53,66.13,63.78,36.55,71.59,68.75,52.37,checkpoints/sft_evan_base_benv2_s2_rgb_fft_lr0.001_20260417_073911.pt,checkpoints/delulunet_benv2_0420_0754.pt
benv2,evan_base,s2_rgb,s2_norgb,0.000192,0.00353,64,0.322,0.283,0.296,0.5,163091750,latent+prefusion+distill+ce,False,3,cross,3,mAP,65.71,55.32,66.36,65.76,64.07,55.32,67.2,66.52,64.07,50.49,71.47,68.77,59.44,checkpoints/sft_evan_base_benv2_s2_rgb_fft_lr0.001_20260417_073911.pt,checkpoints/delulunet_benv2_0420_0754.pt
benv2,evan_base,s1,s2_rgb,0.000192,0.00353,64,0.322,0.283,0.296,0.5,160337446,latent+prefusion+distill+ce,False,3,cross,3,mAP,49.23,41.57,49.77,50.15,49.95,41.57,51.52,50.13,49.95,28.98,53.74,50.56,39.76,checkpoints/sft_evan_base_benv2_s1_fft_lr0.0005_20260418_064233.pt,checkpoints/delulunet_benv2_0420_0755.pt
benv2,evan_base,s1,s2_rgb,0.000229,0.000788,64,0.467,0.356,0.433,0.5,160337446,latent+prefusion+distill+ce,False,3,cross,3,mAP,49.23,41.95,50.89,51.22,51.12,43.03,50.55,51.22,51.12,31.15,54.51,52.34,41.35,checkpoints/sft_evan_base_benv2_s1_fft_lr0.0005_20260418_064233.pt,checkpoints/delulunet_benv2_0420_0755.pt
benv2,evan_base,s1,s2,0.000192,0.00353,64,0.322,0.283,0.296,0.5,163878694,latent+prefusion+distill+ce,False,3,cross,3,mAP,49.23,47.26,50.11,50.59,51.61,47.26,50.57,50.59,51.61,32.92,54.04,50.85,41.88,checkpoints/sft_evan_base_benv2_s1_fft_lr0.0005_20260418_064233.pt,checkpoints/delulunet_benv2_0420_0756.pt
benv2,evan_base,s2_rgb,s2_norgb,0.000192,0.00353,64,0.322,0.283,0.296,0.5,163091750,latent+prefusion+distill+ce,False,3,cross,3,mAP,65.71,55.31,65.86,65.96,64.17,55.24,67.26,66.32,64.17,51.82,71.89,69.21,59.31,checkpoints/sft_evan_base_benv2_s2_rgb_fft_lr0.001_20260417_073911.pt,checkpoints/delulunet_benv2_0420_0757.pt
benv2,evan_base,s1,s2,0.000229,0.000788,64,0.467,0.356,0.433,0.5,163878694,latent+prefusion+distill+ce,False,3,cross,3,mAP,49.23,49.99,51.13,51.89,54.23,49.99,51.47,51.89,54.23,34.84,53.91,50.69,42.77,checkpoints/sft_evan_base_benv2_s1_fft_lr0.0005_20260418_064233.pt,checkpoints/delulunet_benv2_0420_0757.pt
benv2,evan_base,s1,s2,0.000192,0.00353,64,0.322,0.283,0.296,0.5,163878694,latent+prefusion+distill+ce,False,3,cross,3,mAP,49.23,47.69,50.74,51.49,52.6,47.69,51.08,50.28,52.6,35.62,53.72,51.39,42.42,checkpoints/sft_evan_base_benv2_s1_fft_lr0.0005_20260418_064233.pt,checkpoints/delulunet_benv2_0420_0758.pt
benv2,evan_base,s1,s2_norgb,0.000192,0.00353,64,0.322,0.283,0.296,0.5,162698278,latent+prefusion+distill+ce,False,3,cross,3,mAP,49.23,48.12,50.93,51.53,52.23,48.65,51.38,50.26,52.23,33.84,54.01,50.7,41.75,checkpoints/sft_evan_base_benv2_s1_fft_lr0.0005_20260418_064233.pt,checkpoints/delulunet_benv2_0420_0758.pt
benv2,evan_base,s1,s2,0.000192,0.00353,64,0.322,0.283,0.296,0.5,163878694,latent+prefusion+distill+ce,False,3,cross,3,mAP,49.23,48.52,51.22,51.49,52.9,48.52,51.7,49.25,52.9,34.62,53.32,51.08,42.07,checkpoints/sft_evan_base_benv2_s1_fft_lr0.0005_20260418_064233.pt,checkpoints/delulunet_benv2_0420_0800.pt
benv2,evan_base,s1,s2_norgb,0.000192,0.00353,64,0.322,0.283,0.296,0.5,162698278,latent+prefusion+distill+ce,False,3,cross,3,mAP,49.23,47.99,49.14,49.73,51.86,48.57,51.16,49.83,51.86,33.64,53.96,50.8,41.72,checkpoints/sft_evan_base_benv2_s1_fft_lr0.0005_20260418_064233.pt,checkpoints/delulunet_benv2_0420_0801.pt
benv2,evan_base,s1,s2_norgb,0.000229,0.000788,64,0.467,0.356,0.433,0.5,162698278,latent+prefusion+distill+ce,False,3,cross,3,mAP,49.23,50.12,50.12,50.76,53.8,50.12,50.89,50.76,53.8,34.8,53.98,51.83,43.31,checkpoints/sft_evan_base_benv2_s1_fft_lr0.0005_20260418_064233.pt,checkpoints/delulunet_benv2_0420_0802.pt
benv2,evan_base,s1,s2_rgb,0.000192,0.00353,64,0.322,0.283,0.296,0.5,160337446,latent+prefusion+distill+ce,False,3,cross,3,mAP,49.23,42.36,51.37,51.79,51.43,41.69,51.37,51.79,51.43,29.95,54.62,51.21,40.26,checkpoints/sft_evan_base_benv2_s1_fft_lr0.0005_20260418_064233.pt,checkpoints/delulunet_benv2_0420_0806.pt
benv2,evan_base,s1,s2_norgb,0.000192,0.00353,64,0.322,0.283,0.296,0.5,162698278,latent+prefusion+distill+ce,False,3,cross,3,mAP,49.23,48.22,51.47,51.91,53.67,48.22,51.47,50.27,53.67,34.4,54.09,50.8,42.24,checkpoints/sft_evan_base_benv2_s1_fft_lr0.0005_20260418_064233.pt,checkpoints/delulunet_benv2_0420_0807.pt
eurosat,evan_base,rgb,nir,0.000192,0.00353,64,0.322,0.283,0.296,0.5,160323604,latent+prefusion+distill+ce,False,3,cross,3,Acc,98.63,77.19,98.56,98.67,98.52,77.19,98.57,98.67,98.52,74.82,98.59,98.3,86.56,checkpoints/sft_evan_base_eurosat_rgb_fft_lr0.0005_20260418_002329.pt,checkpoints/delulunet_eurosat_0420_0934.pt
eurosat,evan_base,rgb,vre,0.000192,0.00353,64,0.322,0.283,0.296,0.5,160717076,latent+prefusion+distill+ce,False,3,cross,3,Acc,98.63,88.57,98.8,98.85,98.67,88.57,98.7,98.85,98.67,87.38,98.67,98.48,92.88,checkpoints/sft_evan_base_eurosat_rgb_fft_lr0.0005_20260418_002329.pt,checkpoints/delulunet_eurosat_0420_0936.pt
benv2,evan_large,s2,s2_norgb,0.000229,0.000788,64,0.467,0.356,0.433,0.5,443609382,latent+prefusion+distill+ce,False,3,cross,3,mAP,64.98,65.18,65.72,65.75,65.59,65.18,66.94,65.75,65.59,65.69,71.2,68.81,67.25,checkpoints/sft_evan_large_benv2_s2_fft_lr0.001_20260418_053837.pt,checkpoints/delulunet_benv2_0420_0936.pt
benv2,evan_large,s2,s2_rgb,0.000229,0.000788,64,0.467,0.356,0.433,0.5,440462118,latent+prefusion+distill+ce,False,3,cross,3,mAP,64.98,64.14,65.31,65.29,65.04,64.14,65.93,65.85,65.04,65.92,71.62,70.79,68.31,checkpoints/sft_evan_large_benv2_s2_fft_lr0.001_20260418_053837.pt,checkpoints/delulunet_benv2_0420_0937.pt
benv2,evan_large,s2_rgb,s2_norgb,0.000229,0.000788,64,0.467,0.356,0.433,0.5,438888486,latent+prefusion+distill+ce,False,3,cross,3,mAP,65.11,64.31,66.62,66.77,66.12,64.31,67.38,66.57,66.12,62.68,72.91,71.04,66.85,checkpoints/sft_evan_large_benv2_s2_rgb_fft_lr0.001_20260417_054530.pt,checkpoints/delulunet_benv2_0420_0937.pt
eurosat,evan_base,rgb,vre,0.000229,0.000788,64,0.467,0.356,0.433,0.5,160717076,latent+prefusion+distill+ce,False,3,cross,3,Acc,98.63,90.67,98.91,98.91,98.83,90.67,98.91,98.91,98.83,89.74,98.78,98.59,94.17,checkpoints/sft_evan_base_eurosat_rgb_fft_lr0.0005_20260418_002329.pt,checkpoints/delulunet_eurosat_0420_0937.pt
benv2,evan_large,s2,s2_norgb,0.000192,0.00353,64,0.322,0.283,0.296,0.5,443609382,latent+prefusion+distill+ce,False,3,cross,3,mAP,64.98,64.62,66.15,66.85,65.54,64.62,65.79,65.91,65.54,65.65,71.32,70.75,68.07,checkpoints/sft_evan_large_benv2_s2_fft_lr0.001_20260418_053837.pt,checkpoints/delulunet_benv2_0420_0938.pt
eurosat,evan_base,rgb,nir,0.000229,0.000788,64,0.467,0.356,0.433,0.5,160323604,latent+prefusion+distill+ce,False,3,cross,3,Acc,98.63,82.24,98.78,98.74,98.69,82.24,98.78,98.74,98.69,80.49,98.78,98.59,89.54,checkpoints/sft_evan_base_eurosat_rgb_fft_lr0.0005_20260418_002329.pt,checkpoints/delulunet_eurosat_0420_0938.pt
eurosat,evan_base,rgb,vre,0.000192,0.00353,64,0.322,0.283,0.296,0.5,160717076,latent+prefusion+distill+ce,False,3,cross,3,Acc,98.63,88.0,98.67,98.8,98.69,88.85,98.69,98.78,98.69,87.44,98.78,98.67,93.0,checkpoints/sft_evan_base_eurosat_rgb_fft_lr0.0005_20260418_002329.pt,checkpoints/delulunet_eurosat_0420_0938.pt
benv2,evan_large,s2_rgb,s2_norgb,0.000192,0.00353,64,0.322,0.283,0.296,0.5,438888486,latent+prefusion+distill+ce,False,3,cross,3,mAP,65.11,61.9,66.77,66.81,66.42,63.55,66.71,66.77,66.42,56.28,72.98,71.67,63.57,checkpoints/sft_evan_large_benv2_s2_rgb_fft_lr0.001_20260417_054530.pt,checkpoints/delulunet_benv2_0420_0938.pt
benv2,evan_large,s2_rgb,s1,0.000229,0.000788,64,0.467,0.356,0.433,0.5,435216678,latent+prefusion+distill+ce,False,3,cross,3,mAP,65.11,52.27,66.68,66.58,65.8,52.96,65.76,66.58,65.8,43.6,72.49,70.69,56.67,checkpoints/sft_evan_large_benv2_s2_rgb_fft_lr0.001_20260417_054530.pt,checkpoints/delulunet_benv2_0420_0938.pt
eurosat,evan_base,rgb,vre,0.000192,0.00353,64,0.322,0.283,0.296,0.5,160717076,latent+prefusion+distill+ce,False,3,cross,3,Acc,98.63,89.24,98.65,98.81,98.46,89.24,98.65,98.81,98.46,88.42,98.78,98.59,93.51,checkpoints/sft_evan_base_eurosat_rgb_fft_lr0.0005_20260418_002329.pt,checkpoints/delulunet_eurosat_0420_0938.pt
benv2,evan_large,s2_rgb,s2,0.000229,0.000788,64,0.467,0.356,0.433,0.5,440462118,latent+prefusion+distill+ce,False,3,cross,3,mAP,65.11,65.36,66.73,66.79,66.29,65.36,66.54,66.79,66.29,64.77,72.91,71.44,68.11,checkpoints/sft_evan_large_benv2_s2_rgb_fft_lr0.001_20260417_054530.pt,checkpoints/delulunet_benv2_0420_0939.pt
benv2,evan_large,s2_rgb,s1,0.000192,0.00353,64,0.322,0.283,0.296,0.5,435216678,latent+prefusion+distill+ce,False,3,cross,3,mAP,65.11,51.41,67.57,67.58,66.97,52.96,66.88,67.58,66.97,41.83,72.55,71.5,56.47,checkpoints/sft_evan_large_benv2_s2_rgb_fft_lr0.001_20260417_054530.pt,checkpoints/delulunet_benv2_0420_0940.pt
benv2,evan_large,s1,s2_rgb,0.000192,0.00353,64,0.322,0.283,0.296,0.5,435216678,latent+prefusion+distill+ce,False,3,cross,3,mAP,49.98,51.02,53.06,53.48,56.13,49.87,53.2,53.48,56.13,34.31,56.82,54.75,44.38,checkpoints/sft_evan_large_benv2_s1_fft_lr0.001_20260417_043157.pt,checkpoints/delulunet_benv2_0420_0940.pt
benv2,evan_large,s2,s1,0.000192,0.00353,64,0.322,0.283,0.296,0.5,439937574,latent+prefusion+distill+ce,False,3,cross,3,mAP,64.98,53.92,66.63,66.7,65.54,53.94,65.7,66.93,65.54,44.52,71.31,69.66,56.86,checkpoints/sft_evan_large_benv2_s2_fft_lr0.001_20260418_053837.pt,checkpoints/delulunet_benv2_0420_0940.pt
benv2,evan_large,s1,s2,0.000229,0.000788,64,0.467,0.356,0.433,0.5,439937574,latent+prefusion+distill+ce,False,3,cross,3,mAP,49.98,55.02,53.58,53.86,57.33,55.18,52.28,53.86,57.33,36.3,56.06,53.15,44.51,checkpoints/sft_evan_large_benv2_s1_fft_lr0.001_20260417_043157.pt,checkpoints/delulunet_benv2_0420_0940.pt
benv2,evan_large,s1,s2,0.000192,0.00353,64,0.322,0.283,0.296,0.5,439937574,latent+prefusion+distill+ce,False,3,cross,3,mAP,49.98,52.65,52.8,53.24,55.8,52.65,52.95,53.24,55.8,35.73,56.9,54.87,45.3,checkpoints/sft_evan_large_benv2_s1_fft_lr0.001_20260417_043157.pt,checkpoints/delulunet_benv2_0420_0941.pt
benv2,evan_large,s2_rgb,s2,0.000192,0.00353,64,0.322,0.283,0.296,0.5,440462118,latent+prefusion+distill+ce,False,3,cross,3,mAP,65.11,65.55,67.37,66.98,67.16,65.55,66.69,66.66,67.16,60.82,73.33,72.7,65.61,checkpoints/sft_evan_large_benv2_s2_rgb_fft_lr0.001_20260417_054530.pt,checkpoints/delulunet_benv2_0420_0941.pt
benv2,evan_large,s1,s2_rgb,0.000192,0.00353,64,0.322,0.283,0.296,0.5,435216678,latent+prefusion+distill+ce,False,3,cross,3,mAP,49.98,51.05,52.6,53.09,55.41,49.69,52.6,53.09,55.41,33.92,56.55,54.52,43.98,checkpoints/sft_evan_large_benv2_s1_fft_lr0.001_20260417_043157.pt,checkpoints/delulunet_benv2_0420_0941.pt
benv2,evan_large,s2,s1,0.000229,0.000788,64,0.467,0.356,0.433,0.5,439937574,latent+prefusion+distill+ce,False,3,cross,3,mAP,64.98,55.09,66.54,66.81,66.47,55.09,65.74,65.77,66.47,46.08,71.96,69.43,57.41,checkpoints/sft_evan_large_benv2_s2_fft_lr0.001_20260418_053837.pt,checkpoints/delulunet_benv2_0420_0941.pt
benv2,evan_large,s2_rgb,s2,0.000192,0.00353,64,0.322,0.283,0.296,0.5,440462118,latent+prefusion+distill+ce,False,3,cross,3,mAP,65.11,65.11,67.4,67.69,67.79,65.11,67.36,66.77,67.79,60.83,73.33,72.21,65.83,checkpoints/sft_evan_large_benv2_s2_rgb_fft_lr0.001_20260417_054530.pt,checkpoints/delulunet_benv2_0420_0941.pt
benv2,evan_large,s2,s1,0.000192,0.00353,64,0.322,0.283,0.296,0.5,439937574,latent+prefusion+distill+ce,False,3,cross,3,mAP,64.98,51.73,66.61,66.65,65.36,52.75,65.93,66.77,65.36,42.54,71.38,69.91,56.04,checkpoints/sft_evan_large_benv2_s2_fft_lr0.001_20260418_053837.pt,checkpoints/delulunet_benv2_0420_0941.pt
benv2,evan_large,s1,s2_rgb,0.000229,0.000788,64,0.467,0.356,0.433,0.5,435216678,latent+prefusion+distill+ce,False,3,cross,3,mAP,49.98,51.99,53.32,53.66,55.94,51.92,53.19,53.28,55.94,34.72,56.23,53.17,43.54,checkpoints/sft_evan_large_benv2_s1_fft_lr0.001_20260417_043157.pt,checkpoints/delulunet_benv2_0420_0942.pt
eurosat,evan_base,vre,nir,0.000229,0.000788,64,0.467,0.356,0.433,0.5,160323604,latent+prefusion+distill+ce,False,3,cross,3,Acc,90.65,74.83,91.35,91.46,91.63,75.07,91.41,91.43,91.63,67.32,90.78,89.46,78.31,checkpoints/sft_evan_base_eurosat_vre_fft_lr0.0005_20260418_051940.pt,checkpoints/delulunet_eurosat_0420_0942.pt
eurosat,evan_base,vre,nir,0.000192,0.00353,64,0.322,0.283,0.296,0.5,160323604,latent+prefusion+distill+ce,False,3,cross,3,Acc,90.65,73.81,91.57,91.7,91.48,74.28,91.76,91.69,91.48,67.04,91.3,90.18,78.52,checkpoints/sft_evan_base_eurosat_vre_fft_lr0.0005_20260418_051940.pt,checkpoints/delulunet_eurosat_0420_0942.pt
benv2,evan_large,s1,s2_rgb,0.000192,0.00353,64,0.322,0.283,0.296,0.5,435216678,latent+prefusion+distill+ce,False,3,cross,3,mAP,49.98,51.83,53.09,53.43,55.88,51.83,53.02,53.43,55.88,34.09,57.04,55.14,44.62,checkpoints/sft_evan_large_benv2_s1_fft_lr0.001_20260417_043157.pt,checkpoints/delulunet_benv2_0420_0942.pt
benv2,evan_large,s2_rgb,s1,0.000192,0.00353,64,0.322,0.283,0.296,0.5,435216678,latent+prefusion+distill+ce,False,3,cross,3,mAP,65.11,51.08,67.57,67.67,66.74,52.45,66.34,67.67,66.74,42.04,72.96,71.99,56.77,checkpoints/sft_evan_large_benv2_s2_rgb_fft_lr0.001_20260417_054530.pt,checkpoints/delulunet_benv2_0420_0942.pt
benv2,evan_large,s2,s1,0.000192,0.00353,64,0.322,0.283,0.296,0.5,439937574,latent+prefusion+distill+ce,False,3,cross,3,mAP,64.98,52.24,66.08,66.82,65.5,53.86,67.14,65.8,65.5,43.11,71.37,69.91,55.84,checkpoints/sft_evan_large_benv2_s2_fft_lr0.001_20260418_053837.pt,checkpoints/delulunet_benv2_0420_0943.pt
benv2,evan_large,s1,s2_norgb,0.000229,0.000788,64,0.467,0.356,0.433,0.5,438363942,latent+prefusion+distill+ce,False,3,cross,3,mAP,49.98,55.17,52.06,53.07,56.58,55.17,52.65,52.98,56.58,36.53,56.45,53.89,44.31,checkpoints/sft_evan_large_benv2_s1_fft_lr0.001_20260417_043157.pt,checkpoints/delulunet_benv2_0420_0943.pt
benv2,evan_large,s1,s2_norgb,0.000192,0.00353,64,0.322,0.283,0.296,0.5,438363942,latent+prefusion+distill+ce,False,3,cross,3,mAP,49.98,52.43,53.23,53.53,56.15,53.36,53.23,53.53,56.15,35.68,56.65,55.06,45.09,checkpoints/sft_evan_large_benv2_s1_fft_lr0.001_20260417_043157.pt,checkpoints/delulunet_benv2_0420_0943.pt
benv2,evan_large,s2_rgb,s2,0.000192,0.00353,64,0.322,0.283,0.296,0.5,440462118,latent+prefusion+distill+ce,False,3,cross,3,mAP,65.11,60.69,66.4,66.24,66.12,62.53,66.74,66.66,66.12,54.4,73.47,71.89,62.83,checkpoints/sft_evan_large_benv2_s2_rgb_fft_lr0.001_20260417_054530.pt,checkpoints/delulunet_benv2_0420_0943.pt
benv2,evan_large,s2,s2_rgb,0.000192,0.00353,64,0.322,0.283,0.296,0.5,440462118,latent+prefusion+distill+ce,False,3,cross,3,mAP,64.98,64.25,65.84,65.91,65.29,64.11,65.84,65.91,65.29,65.72,71.57,70.99,68.15,checkpoints/sft_evan_large_benv2_s2_fft_lr0.001_20260418_053837.pt,checkpoints/delulunet_benv2_0420_0943.pt
benv2,evan_large,s2,s2_rgb,0.000192,0.00353,64,0.322,0.283,0.296,0.5,440462118,latent+prefusion+distill+ce,False,3,cross,3,mAP,64.98,64.26,66.0,65.94,65.33,64.26,66.14,66.24,65.33,66.52,71.96,71.47,68.76,checkpoints/sft_evan_large_benv2_s2_fft_lr0.001_20260418_053837.pt,checkpoints/delulunet_benv2_0420_0944.pt
benv2,evan_large,s2,s2_rgb,0.000192,0.00353,64,0.322,0.283,0.296,0.5,440462118,latent+prefusion+distill+ce,False,3,cross,3,mAP,64.98,64.29,66.08,66.1,65.38,64.29,65.98,65.98,65.38,65.7,71.84,71.3,68.32,checkpoints/sft_evan_large_benv2_s2_fft_lr0.001_20260418_053837.pt,checkpoints/delulunet_benv2_0420_0944.pt
eurosat,evan_base,rgb,nir,0.000192,0.00353,64,0.322,0.283,0.296,0.5,160323604,latent+prefusion+distill+ce,False,3,cross,3,Acc,98.63,79.85,98.72,98.72,98.59,79.85,98.69,98.72,98.59,78.76,98.59,98.3,88.51,checkpoints/sft_evan_base_eurosat_rgb_fft_lr0.0005_20260418_002329.pt,checkpoints/delulunet_eurosat_0420_0944.pt
benv2,evan_large,s2_rgb,s1,0.000192,0.00353,64,0.322,0.283,0.296,0.5,435216678,latent+prefusion+distill+ce,False,3,cross,3,mAP,65.11,53.76,67.37,67.43,66.68,51.35,67.43,67.43,66.68,42.67,72.84,71.62,57.05,checkpoints/sft_evan_large_benv2_s2_rgb_fft_lr0.001_20260417_054530.pt,checkpoints/delulunet_benv2_0420_0944.pt
benv2,evan_large,s1,s2_norgb,0.000192,0.00353,64,0.322,0.283,0.296,0.5,438363942,latent+prefusion+distill+ce,False,3,cross,3,mAP,49.98,53.28,52.67,53.1,56.34,53.28,52.67,53.1,56.34,36.05,57.13,54.88,45.46,checkpoints/sft_evan_large_benv2_s1_fft_lr0.001_20260417_043157.pt,checkpoints/delulunet_benv2_0420_0945.pt
benv2,evan_large,s2_rgb,s2_norgb,0.000192,0.00353,64,0.322,0.283,0.296,0.5,438888486,latent+prefusion+distill+ce,False,3,cross,3,mAP,65.11,63.99,67.55,67.94,67.21,63.99,67.41,67.54,67.21,55.95,72.98,71.76,62.99,checkpoints/sft_evan_large_benv2_s2_rgb_fft_lr0.001_20260417_054530.pt,checkpoints/delulunet_benv2_0420_0945.pt
eurosat,evan_base,rgb,nir,0.000192,0.00353,64,0.322,0.283,0.296,0.5,160323604,latent+prefusion+distill+ce,False,3,cross,3,Acc,98.63,77.94,98.85,98.89,98.52,77.94,98.85,98.89,98.52,77.15,98.81,98.63,87.89,checkpoints/sft_evan_base_eurosat_rgb_fft_lr0.0005_20260418_002329.pt,checkpoints/delulunet_eurosat_0420_0945.pt
benv2,evan_large,s1,s2_norgb,0.000192,0.00353,64,0.322,0.283,0.296,0.5,438363942,latent+prefusion+distill+ce,False,3,cross,3,mAP,49.98,53.61,52.89,53.52,56.65,53.61,52.89,53.16,56.65,35.92,56.75,54.92,45.3,checkpoints/sft_evan_large_benv2_s1_fft_lr0.001_20260417_043157.pt,checkpoints/delulunet_benv2_0420_0945.pt
eurosat,evan_base,vre,rgb,0.000192,0.00353,64,0.322,0.283,0.296,0.5,160717076,latent+prefusion+distill+ce,False,3,cross,3,Acc,90.65,88.91,91.61,91.89,92.91,88.91,91.65,91.91,92.91,80.66,91.04,89.59,85.05,checkpoints/sft_evan_base_eurosat_vre_fft_lr0.0005_20260418_051940.pt,checkpoints/delulunet_eurosat_0420_0946.pt
eurosat,evan_base,vre,rgb,0.000229,0.000788,64,0.467,0.356,0.433,0.5,160717076,latent+prefusion+distill+ce,False,3,cross,3,Acc,90.65,90.41,91.37,91.56,92.57,89.85,91.2,91.22,92.57,81.83,90.89,90.05,85.63,checkpoints/sft_evan_base_eurosat_vre_fft_lr0.0005_20260418_051940.pt,checkpoints/delulunet_eurosat_0420_0946.pt
benv2,evan_large,s2,s2_norgb,0.000192,0.00353,64,0.322,0.283,0.296,0.5,443609382,latent+prefusion+distill+ce,False,3,cross,3,mAP,64.98,64.93,66.06,66.12,65.75,65.04,66.32,66.76,65.75,64.67,71.33,70.61,67.38,checkpoints/sft_evan_large_benv2_s2_fft_lr0.001_20260418_053837.pt,checkpoints/delulunet_benv2_0420_0946.pt
eurosat,evan_base,vre,rgb,0.000192,0.00353,64,0.322,0.283,0.296,0.5,160717076,latent+prefusion+distill+ce,False,3,cross,3,Acc,90.65,89.59,91.57,91.69,92.44,89.59,91.59,91.69,92.44,81.59,91.15,89.26,85.43,checkpoints/sft_evan_base_eurosat_vre_fft_lr0.0005_20260418_051940.pt,checkpoints/delulunet_eurosat_0420_0947.pt
eurosat,evan_base,vre,rgb,0.000192,0.00353,64,0.322,0.283,0.296,0.5,160717076,latent+prefusion+distill+ce,False,3,cross,3,Acc,90.65,88.74,91.48,91.69,92.67,88.74,91.37,91.69,92.67,80.55,91.19,89.43,84.99,checkpoints/sft_evan_base_eurosat_vre_fft_lr0.0005_20260418_051940.pt,checkpoints/delulunet_eurosat_0420_0947.pt
benv2,evan_large,s1,s2,0.000192,0.00353,64,0.322,0.283,0.296,0.5,439937574,latent+prefusion+distill+ce,False,3,cross,3,mAP,49.98,52.77,52.69,53.2,56.2,52.77,52.94,53.28,56.2,35.0,56.84,54.98,44.7,checkpoints/sft_evan_large_benv2_s1_fft_lr0.001_20260417_043157.pt,checkpoints/delulunet_benv2_0420_0947.pt
benv2,evan_large,s1,s2,0.000192,0.00353,64,0.322,0.283,0.296,0.5,439937574,latent+prefusion+distill+ce,False,3,cross,3,mAP,49.98,53.66,52.95,53.34,56.2,53.08,52.86,53.12,56.2,35.82,56.86,54.96,45.32,checkpoints/sft_evan_large_benv2_s1_fft_lr0.001_20260417_043157.pt,checkpoints/delulunet_benv2_0420_0948.pt
benv2,evan_large,s2,s2_norgb,0.000192,0.00353,64,0.322,0.283,0.296,0.5,443609382,latent+prefusion+distill+ce,False,3,cross,3,mAP,64.98,65.66,65.87,66.08,66.51,65.66,66.22,66.81,66.51,65.43,71.6,71.1,68.13,checkpoints/sft_evan_large_benv2_s2_fft_lr0.001_20260418_053837.pt,checkpoints/delulunet_benv2_0420_0949.pt
eurosat,evan_base,vre,nir,0.000192,0.00353,64,0.322,0.283,0.296,0.5,160323604,latent+prefusion+distill+ce,False,3,cross,3,Acc,90.65,73.41,91.85,91.83,91.17,73.41,91.04,91.56,91.17,67.38,91.3,90.31,78.74,checkpoints/sft_evan_base_eurosat_vre_fft_lr0.0005_20260418_051940.pt,checkpoints/delulunet_eurosat_0420_0954.pt
eurosat,evan_base,vre,nir,0.000192,0.00353,64,0.322,0.283,0.296,0.5,160323604,latent+prefusion+distill+ce,False,3,cross,3,Acc,90.65,73.81,91.59,91.52,91.8,73.81,91.56,91.48,91.8,67.19,91.48,90.47,78.78,checkpoints/sft_evan_base_eurosat_vre_fft_lr0.0005_20260418_051940.pt,checkpoints/delulunet_eurosat_0420_0956.pt
benv2,evan_base,s2,s1,0.000229,0.000788,64,0.467,0.356,0.433,0.5,163878694,latent+prefusion+distill+ce,False,3,cross,3,mAP,61.48,45.77,64.09,64.13,63.28,45.77,64.2,64.16,63.28,36.17,66.54,65.01,50.57,checkpoints/sft_evan_base_benv2_s2_fft_lr0.001_20260417_062121.pt,checkpoints/delulunet_benv2_0420_1006.pt
eurosat,evan_base,swir,rgb,0.000192,0.00353,64,0.322,0.283,0.296,0.5,160717076,latent+prefusion+distill+ce,False,3,cross,3,Acc,88.57,88.02,89.89,90.56,92.28,88.02,89.89,90.56,92.28,76.93,89.96,87.73,82.33,checkpoints/sft_evan_base_eurosat_swir_fft_lr0.0005_20260418_052634.pt,checkpoints/delulunet_eurosat_0420_1009.pt
eurosat,evan_base,swir,rgb,0.000192,0.00353,64,0.322,0.283,0.296,0.5,160717076,latent+prefusion+distill+ce,False,3,cross,3,Acc,88.57,88.72,89.96,90.81,92.06,88.72,89.96,90.81,92.06,77.61,90.44,88.54,83.07,checkpoints/sft_evan_base_eurosat_swir_fft_lr0.0005_20260418_052634.pt,checkpoints/delulunet_eurosat_0420_1009.pt
benv2,evan_base,s2,s1,0.000168,0.00338,64,0.181,0.369,0.669,0.5,163878694,latent+prefusion+distill+ce,False,3,cross,3,mAP,61.48,43.05,63.32,63.29,63.28,43.05,63.32,63.45,63.28,34.31,66.68,65.77,49.97,checkpoints/sft_evan_base_benv2_s2_fft_lr0.001_20260417_062121.pt,checkpoints/delulunet_benv2_0420_1011.pt
eurosat,evan_base,swir,rgb,0.000229,0.000788,64,0.467,0.356,0.433,0.5,160717076,latent+prefusion+distill+ce,False,3,cross,3,Acc,88.57,89.37,89.46,90.26,92.3,89.67,89.46,89.19,92.3,78.54,89.93,88.4,83.36,checkpoints/sft_evan_base_eurosat_swir_fft_lr0.0005_20260418_052634.pt,checkpoints/delulunet_eurosat_0420_1011.pt
benv2,evan_base,s2,s2_rgb,0.000168,0.00338,64,0.181,0.369,0.669,0.5,164272166,latent+prefusion+distill+ce,False,3,cross,3,mAP,61.48,55.66,63.11,63.12,61.93,55.66,62.43,63.94,61.93,50.38,66.83,66.16,58.18,checkpoints/sft_evan_base_benv2_s2_fft_lr0.001_20260417_062121.pt,checkpoints/delulunet_benv2_0420_1013.pt
benv2,evan_base,s2_rgb,s1,0.000192,0.00353,64,0.322,0.283,0.296,0.5,160337446,latent+prefusion+distill+ce,False,3,cross,3,mAP,65.71,43.37,66.45,66.52,62.99,43.37,68.48,66.52,62.99,39.61,71.64,69.06,54.34,checkpoints/sft_evan_base_benv2_s2_rgb_fft_lr0.001_20260417_073911.pt,checkpoints/delulunet_benv2_0420_1014.pt
benv2,evan_base,s2,s1,0.00015,0.000102,64,0.716,0.13,0.555,0.5,163878694,latent+prefusion+distill+ce,False,3,cross,3,mAP,61.48,40.79,63.86,63.27,63.6,45.13,62.92,62.81,63.6,33.22,67.41,66.33,48.38,checkpoints/sft_evan_base_benv2_s2_fft_lr0.001_20260417_062121.pt,checkpoints/delulunet_benv2_0420_1014.pt
benv2,evan_base,s2,s2_norgb,0.000168,0.00338,64,0.181,0.369,0.669,0.5,166632998,latent+prefusion+distill+ce,False,3,cross,3,mAP,61.48,61.53,62.8,62.82,62.49,61.53,62.99,62.94,62.49,59.28,67.0,65.43,62.04,checkpoints/sft_evan_base_benv2_s2_fft_lr0.001_20260417_062121.pt,checkpoints/delulunet_benv2_0420_1019.pt
eurosat,evan_base,swir,rgb,0.000192,0.00353,64,0.322,0.283,0.296,0.5,160717076,latent+prefusion+distill+ce,False,3,cross,3,Acc,88.57,88.31,89.74,90.65,92.41,88.31,89.74,90.69,92.41,76.71,90.44,88.25,82.44,checkpoints/sft_evan_base_eurosat_swir_fft_lr0.0005_20260418_052634.pt,checkpoints/delulunet_eurosat_0420_1021.pt
benv2,evan_base,s2,s2_norgb,0.00015,0.000102,64,0.716,0.13,0.555,0.5,166632998,latent+prefusion+distill+ce,False,3,cross,3,mAP,61.48,59.7,62.8,62.72,62.59,61.25,63.11,63.36,62.59,54.1,66.99,65.59,59.67,checkpoints/sft_evan_base_benv2_s2_fft_lr0.001_20260417_062121.pt,checkpoints/delulunet_benv2_0420_1022.pt
benv2,evan_base,s2,s2_rgb,0.000192,0.00353,64,0.322,0.283,0.296,0.5,164272166,latent+prefusion+distill+ce,False,3,cross,3,mAP,61.48,55.48,63.65,63.57,62.37,57.27,62.93,62.9,62.37,50.35,66.92,65.68,56.75,checkpoints/sft_evan_base_benv2_s2_fft_lr0.001_20260417_062121.pt,checkpoints/delulunet_benv2_0420_1024.pt
benv2,evan_base,s2_rgb,s2,0.000229,0.000788,64,0.467,0.356,0.433,0.5,164272166,latent+prefusion+distill+ce,False,3,cross,3,mAP,65.71,59.82,65.31,65.41,64.57,59.82,67.12,66.33,64.57,53.89,71.0,68.57,61.14,checkpoints/sft_evan_base_benv2_s2_rgb_fft_lr0.001_20260417_073911.pt,checkpoints/delulunet_benv2_0420_1024.pt
benv2,evan_base,s2,s2_norgb,0.000229,0.000788,64,0.467,0.356,0.433,0.5,166632998,latent+prefusion+distill+ce,False,3,cross,3,mAP,61.48,62.25,63.07,63.18,62.9,62.25,62.99,63.02,62.9,60.08,66.45,65.78,62.73,checkpoints/sft_evan_base_benv2_s2_fft_lr0.001_20260417_062121.pt,checkpoints/delulunet_benv2_0420_1024.pt
benv2,evan_base,s2_rgb,s2,0.000168,0.00338,64,0.181,0.369,0.669,0.5,164272166,latent+prefusion+distill+ce,False,3,cross,3,mAP,65.71,58.01,65.47,65.52,64.83,55.97,66.96,65.5,64.83,52.8,70.64,69.13,60.92,checkpoints/sft_evan_base_benv2_s2_rgb_fft_lr0.001_20260417_073911.pt,checkpoints/delulunet_benv2_0420_1027.pt
benv2,evan_base,s1,s2_rgb,0.00015,0.000102,64,0.716,0.13,0.555,0.5,160337446,latent+prefusion+distill+ce,False,3,cross,3,mAP,49.23,38.92,51.0,51.31,51.9,39.71,51.71,51.31,51.9,28.16,54.75,52.17,39.71,checkpoints/sft_evan_base_benv2_s1_fft_lr0.0005_20260418_064233.pt,checkpoints/delulunet_benv2_0420_1028.pt
eurosat,evan_base,swir,vre,0.000229,0.000788,64,0.467,0.356,0.433,0.5,160717076,latent+prefusion+distill+ce,False,3,cross,3,Acc,88.57,88.2,89.85,90.28,90.93,87.98,89.85,90.28,90.93,79.47,89.89,88.12,83.75,checkpoints/sft_evan_base_eurosat_swir_fft_lr0.0005_20260418_052634.pt,checkpoints/delulunet_eurosat_0420_1029.pt
benv2,evan_base,s1,s2_norgb,0.000168,0.00338,64,0.181,0.369,0.669,0.5,162698278,latent+prefusion+distill+ce,False,3,cross,3,mAP,49.23,46.69,49.04,49.36,51.5,46.69,51.36,50.15,51.5,33.01,53.32,51.01,41.71,checkpoints/sft_evan_base_benv2_s1_fft_lr0.0005_20260418_064233.pt,checkpoints/delulunet_benv2_0420_1031.pt
benv2,evan_base,s2_rgb,s2_norgb,0.000168,0.00338,64,0.181,0.369,0.669,0.5,163091750,latent+prefusion+distill+ce,False,3,cross,3,mAP,65.71,57.83,66.07,66.16,65.28,57.83,67.0,66.16,65.28,52.89,71.17,69.05,60.97,checkpoints/sft_evan_base_benv2_s2_rgb_fft_lr0.001_20260417_073911.pt,checkpoints/delulunet_benv2_0420_1031.pt
benv2,evan_base,s2_rgb,s2_norgb,0.000229,0.000788,64,0.467,0.356,0.433,0.5,163091750,latent+prefusion+distill+ce,False,3,cross,3,mAP,65.71,58.97,64.68,64.85,64.03,58.97,66.88,65.06,64.03,53.53,71.39,68.41,60.85,checkpoints/sft_evan_base_benv2_s2_rgb_fft_lr0.001_20260417_073911.pt,checkpoints/delulunet_benv2_0420_1032.pt
benv2,evan_base,s1,s2,0.000229,0.000788,64,0.467,0.356,0.433,0.5,163878694,latent+prefusion+distill+ce,False,3,cross,3,mAP,49.23,48.18,50.73,51.18,52.27,48.18,51.19,51.18,52.27,34.89,54.55,51.3,43.1,checkpoints/sft_evan_base_benv2_s1_fft_lr0.0005_20260418_064233.pt,checkpoints/delulunet_benv2_0420_1034.pt
eurosat,evan_base,swir,vre,0.000192,0.00353,64,0.322,0.283,0.296,0.5,160717076,latent+prefusion+distill+ce,False,3,cross,3,Acc,88.57,87.8,89.65,90.37,90.94,87.8,89.57,90.39,90.94,79.1,89.93,87.99,83.55,checkpoints/sft_evan_base_eurosat_swir_fft_lr0.0005_20260418_052634.pt,checkpoints/delulunet_eurosat_0420_1036.pt
benv2,evan_base,s2,s1,0.000192,0.00353,64,0.322,0.283,0.296,0.5,163878694,latent+prefusion+distill+ce,False,3,cross,3,mAP,61.48,44.82,62.99,63.02,63.45,44.82,63.66,64.0,63.45,34.99,66.82,65.73,50.3,checkpoints/sft_evan_base_benv2_s2_fft_lr0.001_20260417_062121.pt,checkpoints/delulunet_benv2_0420_1036.pt
benv2,evan_base,s2_rgb,s1,0.000168,0.00338,64,0.181,0.369,0.669,0.5,160337446,latent+prefusion+distill+ce,False,3,cross,3,mAP,65.71,43.48,65.27,65.94,63.65,43.48,67.23,66.0,63.65,38.85,71.74,68.98,53.8,checkpoints/sft_evan_base_benv2_s2_rgb_fft_lr0.001_20260417_073911.pt,checkpoints/delulunet_benv2_0420_1037.pt
benv2,evan_base,s2_rgb,s1,0.000229,0.000788,64,0.467,0.356,0.433,0.5,160337446,latent+prefusion+distill+ce,False,3,cross,3,mAP,65.71,42.99,65.84,66.11,62.63,44.12,67.45,64.55,62.63,37.98,71.14,67.86,52.47,checkpoints/sft_evan_base_benv2_s2_rgb_fft_lr0.001_20260417_073911.pt,checkpoints/delulunet_benv2_0420_1039.pt
eurosat,evan_base,swir,nir,0.000229,0.000788,64,0.467,0.356,0.433,0.5,160323604,latent+prefusion+distill+ce,False,3,cross,3,Acc,88.57,75.31,89.87,89.8,91.06,76.11,89.76,89.89,91.06,65.63,90.37,88.89,77.18,checkpoints/sft_evan_base_eurosat_swir_fft_lr0.0005_20260418_052634.pt,checkpoints/delulunet_eurosat_0420_1040.pt
benv2,evan_base,s2_rgb,s2_norgb,0.000192,0.00353,64,0.322,0.283,0.296,0.5,163091750,latent+prefusion+distill+ce,False,3,cross,3,mAP,65.71,58.16,65.02,65.07,64.34,58.16,67.22,66.49,64.34,51.53,71.2,68.84,60.07,checkpoints/sft_evan_base_benv2_s2_rgb_fft_lr0.001_20260417_073911.pt,checkpoints/delulunet_benv2_0420_1041.pt
eurosat,evan_base,swir,vre,0.000192,0.00353,64,0.322,0.283,0.296,0.5,160717076,latent+prefusion+distill+ce,False,3,cross,3,Acc,88.57,87.41,89.69,90.39,90.96,87.41,89.69,90.41,90.96,79.39,90.44,88.64,83.91,checkpoints/sft_evan_base_eurosat_swir_fft_lr0.0005_20260418_052634.pt,checkpoints/delulunet_eurosat_0420_1042.pt
benv2,evan_base,s2_rgb,s2,0.000192,0.00353,64,0.322,0.283,0.296,0.5,164272166,latent+prefusion+distill+ce,False,3,cross,3,mAP,65.71,58.75,66.53,66.54,65.27,59.15,67.67,66.54,65.27,53.79,71.63,69.29,61.47,checkpoints/sft_evan_base_benv2_s2_rgb_fft_lr0.001_20260417_073911.pt,checkpoints/delulunet_benv2_0420_1045.pt
benv2,evan_base,s1,s2_rgb,0.000192,0.00353,64,0.322,0.283,0.296,0.5,160337446,latent+prefusion+distill+ce,False,3,cross,3,mAP,49.23,41.64,50.78,51.34,51.06,41.64,50.86,50.09,51.06,30.59,53.59,51.07,39.69,checkpoints/sft_evan_base_benv2_s1_fft_lr0.0005_20260418_064233.pt,checkpoints/delulunet_benv2_0420_1046.pt
eurosat,evan_base,swir,vre,0.000192,0.00353,64,0.322,0.283,0.296,0.5,160717076,latent+prefusion+distill+ce,False,3,cross,3,Acc,88.57,87.59,89.96,90.63,91.11,87.59,90.0,90.48,91.11,79.2,90.0,88.09,83.63,checkpoints/sft_evan_base_eurosat_swir_fft_lr0.0005_20260418_052634.pt,checkpoints/delulunet_eurosat_0420_1046.pt
benv2,evan_base,s1,s2_rgb,0.000168,0.00338,64,0.181,0.369,0.669,0.5,160337446,latent+prefusion+distill+ce,False,3,cross,3,mAP,49.23,42.03,48.78,49.12,49.9,43.37,50.25,49.12,49.9,28.91,53.34,50.46,39.55,checkpoints/sft_evan_base_benv2_s1_fft_lr0.0005_20260418_064233.pt,checkpoints/delulunet_benv2_0420_1046.pt
benv2,evan_base,s2_rgb,s1,0.00015,0.000102,64,0.716,0.13,0.555,0.5,160337446,latent+prefusion+distill+ce,False,3,cross,3,mAP,65.71,40.4,65.16,65.25,64.05,40.4,66.63,65.54,64.05,36.06,71.32,68.4,52.01,checkpoints/sft_evan_base_benv2_s2_rgb_fft_lr0.001_20260417_073911.pt,checkpoints/delulunet_benv2_0420_1047.pt
benv2,evan_base,s1,s2_norgb,0.000229,0.000788,64,0.467,0.356,0.433,0.5,162698278,latent+prefusion+distill+ce,False,3,cross,3,mAP,49.23,49.05,50.22,50.69,53.06,49.59,50.22,50.69,53.06,35.09,53.73,51.8,42.99,checkpoints/sft_evan_base_benv2_s1_fft_lr0.0005_20260418_064233.pt,checkpoints/delulunet_benv2_0420_1048.pt
benv2,evan_base,s1,s2,0.000192,0.00353,64,0.322,0.283,0.296,0.5,163878694,latent+prefusion+distill+ce,False,3,cross,3,mAP,49.23,47.79,49.43,49.99,51.63,47.79,50.87,50.13,51.63,34.74,53.83,51.01,42.62,checkpoints/sft_evan_base_benv2_s1_fft_lr0.0005_20260418_064233.pt,checkpoints/delulunet_benv2_0420_1051.pt
eurosat,evan_base,swir,nir,0.000192,0.00353,64,0.322,0.283,0.296,0.5,160323604,latent+prefusion+distill+ce,False,3,cross,3,Acc,88.57,73.87,89.7,89.91,90.85,73.87,89.7,89.91,90.85,63.96,90.04,88.44,76.2,checkpoints/sft_evan_base_eurosat_swir_fft_lr0.0005_20260418_052634.pt,checkpoints/delulunet_eurosat_0420_1051.pt
eurosat,evan_base,swir,nir,0.000192,0.00353,64,0.322,0.283,0.296,0.5,160323604,latent+prefusion+distill+ce,False,3,cross,3,Acc,88.57,74.26,89.52,89.54,90.65,74.28,89.59,89.54,90.65,65.11,90.22,89.22,76.99,checkpoints/sft_evan_base_eurosat_swir_fft_lr0.0005_20260418_052634.pt,checkpoints/delulunet_eurosat_0420_1052.pt
eurosat,evan_base,swir,nir,0.000192,0.00353,64,0.322,0.283,0.296,0.5,160323604,latent+prefusion+distill+ce,False,3,cross,3,Acc,88.57,73.46,89.91,90.15,90.83,73.46,90.07,89.78,90.83,64.42,89.89,88.37,76.28,checkpoints/sft_evan_base_eurosat_swir_fft_lr0.0005_20260418_052634.pt,checkpoints/delulunet_eurosat_0420_1055.pt
benv2,evan_base,s2_rgb,s2_norgb,0.00015,0.000102,64,0.716,0.13,0.555,0.5,163091750,latent+prefusion+distill+ce,False,3,cross,3,mAP,65.71,50.62,65.79,65.78,64.72,50.62,67.15,66.36,64.72,46.66,71.87,68.82,57.61,checkpoints/sft_evan_base_benv2_s2_rgb_fft_lr0.001_20260417_073911.pt,checkpoints/delulunet_benv2_0420_1100.pt
benv2,evan_base,s1,s2_norgb,0.00015,0.000102,64,0.716,0.13,0.555,0.5,162698278,latent+prefusion+distill+ce,False,3,cross,3,mAP,49.23,43.07,51.66,52.08,52.87,43.07,51.66,52.08,52.87,32.63,54.1,51.1,41.86,checkpoints/sft_evan_base_benv2_s1_fft_lr0.0005_20260418_064233.pt,checkpoints/delulunet_benv2_0420_1118.pt
eurosat,evan_base,vre,rgb,0.000168,0.00338,64,0.181,0.369,0.669,0.5,160717076,latent+prefusion+distill+ce,False,3,cross,3,Acc,90.65,89.52,91.57,91.94,92.76,89.52,91.67,91.74,92.76,80.26,90.93,90.19,85.04,checkpoints/sft_evan_base_eurosat_vre_fft_lr0.0005_20260418_051940.pt,checkpoints/delulunet_eurosat_0420_1236.pt
eurosat,evan_base,rgb,vre,0.000168,0.00338,64,0.181,0.369,0.669,0.5,160717076,latent+prefusion+distill+ce,False,3,cross,3,Acc,98.63,89.69,98.89,99.02,98.83,89.69,98.87,98.72,98.83,88.21,98.81,98.63,93.35,checkpoints/sft_evan_base_eurosat_rgb_fft_lr0.0005_20260418_002329.pt,checkpoints/delulunet_eurosat_0420_1238.pt
eurosat,evan_base,vre,nir,0.000168,0.00338,64,0.181,0.369,0.669,0.5,160323604,latent+prefusion+distill+ce,False,3,cross,3,Acc,90.65,72.96,91.54,91.57,91.61,72.87,91.56,91.57,91.61,65.97,90.93,90.44,78.15,checkpoints/sft_evan_base_eurosat_vre_fft_lr0.0005_20260418_051940.pt,checkpoints/delulunet_eurosat_0420_1245.pt
eurosat,evan_base,swir,rgb,0.000168,0.00338,64,0.181,0.369,0.669,0.5,160717076,latent+prefusion+distill+ce,False,3,cross,3,Acc,88.57,87.8,89.65,90.43,91.89,87.8,89.22,90.24,91.89,77.1,90.11,88.74,82.87,checkpoints/sft_evan_base_eurosat_swir_fft_lr0.0005_20260418_052634.pt,checkpoints/delulunet_eurosat_0420_1258.pt
eurosat,evan_base,swir,rgb,0.00015,0.000102,64,0.716,0.13,0.555,0.5,160717076,latent+prefusion+distill+ce,False,3,cross,3,Acc,88.57,84.17,89.78,90.52,91.83,84.17,89.85,90.37,91.83,74.27,90.19,88.35,81.05,checkpoints/sft_evan_base_eurosat_swir_fft_lr0.0005_20260418_052634.pt,checkpoints/delulunet_eurosat_0420_1302.pt
eurosat,evan_base,swir,rgb,0.000229,0.000788,64,0.467,0.356,0.433,0.5,160717076,latent+prefusion+distill+ce,False,3,cross,3,Acc,88.57,89.2,89.69,90.33,92.19,89.2,89.69,90.22,92.19,78.77,90.19,88.14,83.42,checkpoints/sft_evan_base_eurosat_swir_fft_lr0.0005_20260418_052634.pt,checkpoints/delulunet_eurosat_0420_1317.pt
eurosat,evan_base,swir,vre,0.000192,0.00353,64,0.322,0.283,0.296,0.5,160717076,latent+prefusion+distill+ce,False,3,cross,3,Acc,88.57,87.69,89.72,90.5,91.04,87.69,89.72,90.67,91.04,79.4,89.78,87.84,83.53,checkpoints/sft_evan_base_eurosat_swir_fft_lr0.0005_20260418_052634.pt,checkpoints/delulunet_eurosat_0420_1325.pt
eurosat,evan_base,swir,vre,0.000168,0.00338,64,0.181,0.369,0.669,0.5,160717076,latent+prefusion+distill+ce,False,3,cross,3,Acc,88.57,88.13,90.02,90.5,91.41,88.13,90.02,90.54,91.41,79.63,90.22,88.75,84.14,checkpoints/sft_evan_base_eurosat_swir_fft_lr0.0005_20260418_052634.pt,checkpoints/delulunet_eurosat_0420_1337.pt
eurosat,evan_base,swir,nir,0.00015,0.000102,64,0.716,0.13,0.555,0.5,160323604,latent+prefusion+distill+ce,False,3,cross,3,Acc,88.57,68.81,89.89,89.93,90.48,68.81,90.11,90.26,90.48,61.13,90.67,89.22,75.14,checkpoints/sft_evan_base_eurosat_swir_fft_lr0.0005_20260418_052634.pt,checkpoints/delulunet_eurosat_0420_1342.pt
benv2,evan_base,s1,s2_rgb,0.000229,0.000788,120,0.467,0.356,0.433,0.5,149899046,latent+prefusion+distill+ce,False,3,cross,3,mAP,49.23,48.33,50.26,50.61,52.63,48.33,50.7,50.61,52.63,33.45,54.37,52.34,42.89,checkpoints/sft_evan_base_benv2_s1_fft_lr0.0005_20260418_064233.pt,checkpoints/delulunet_benv2_0421_0821.pt
benv2,evan_base,s2_rgb,s1,0.000229,0.000788,120,0.467,0.356,0.433,0.5,149899046,latent+prefusion+distill+ce,False,3,cross,3,mAP,63.36,49.7,64.6,64.92,63.94,49.7,66.85,64.92,63.94,41.01,71.33,69.19,55.1,checkpoints/sft_evan_base_benv2_s2_rgb_fft_lr0.0005_20260418_071437.pt,checkpoints/delulunet_benv2_0421_0823.pt
benv2,evan_base,s2_rgb,s1,0.000192,0.00353,120,0.322,0.283,0.296,0.5,149899046,latent+prefusion+distill+ce,False,3,cross,3,mAP,63.36,48.0,65.18,65.37,64.76,48.0,65.73,65.72,64.76,39.69,71.6,69.83,54.49,checkpoints/sft_evan_base_benv2_s2_rgb_fft_lr0.0005_20260418_071437.pt,checkpoints/delulunet_benv2_0421_0824.pt
benv2,evan_base,s2_rgb,s2_norgb,0.000229,0.000788,120,0.467,0.356,0.433,0.5,151275302,latent+prefusion+distill+ce,False,3,cross,3,mAP,63.36,61.59,65.82,65.95,65.02,61.59,66.36,65.95,65.02,55.6,71.57,69.72,62.66,checkpoints/sft_evan_base_benv2_s2_rgb_fft_lr0.0005_20260418_071437.pt,checkpoints/delulunet_benv2_0421_0824.pt
benv2,evan_base,s2,s1,0.000229,0.000788,120,0.467,0.356,0.433,0.5,151668518,latent+prefusion+distill+ce,False,3,cross,3,mAP,61.27,51.07,63.49,63.49,63.15,50.84,63.35,63.49,63.15,39.16,67.64,66.54,52.81,checkpoints/sft_evan_base_benv2_s2_fft_lr0.001_20260418_112953.pt,checkpoints/delulunet_benv2_0421_0825.pt
benv2,evan_base,s2_rgb,s2_norgb,0.000192,0.00353,120,0.322,0.283,0.296,0.5,151275302,latent+prefusion+distill+ce,False,3,cross,3,mAP,63.36,60.21,66.0,66.11,65.51,60.21,65.8,66.14,65.51,54.05,70.92,70.15,61.96,checkpoints/sft_evan_base_benv2_s2_rgb_fft_lr0.0005_20260418_071437.pt,checkpoints/delulunet_benv2_0421_0825.pt
benv2,evan_base,s1,s2,0.000192,0.00353,120,0.322,0.283,0.296,0.5,151668518,latent+prefusion+distill+ce,False,3,cross,3,mAP,49.23,50.81,48.94,49.22,52.13,50.81,50.8,49.22,52.13,34.8,54.32,51.32,43.06,checkpoints/sft_evan_base_benv2_s1_fft_lr0.0005_20260418_064233.pt,checkpoints/delulunet_benv2_0421_0827.pt
benv2,evan_base,s2,s1,0.000192,0.00353,120,0.322,0.283,0.296,0.5,151668518,latent+prefusion+distill+ce,False,3,cross,3,mAP,61.27,49.47,63.9,63.84,63.84,51.03,63.31,63.84,63.84,39.19,68.07,67.12,52.64,checkpoints/sft_evan_base_benv2_s2_fft_lr0.001_20260418_112953.pt,checkpoints/delulunet_benv2_0421_0827.pt
benv2,evan_base,s2_rgb,s1,0.000192,0.00353,120,0.322,0.283,0.296,0.5,149899046,latent+prefusion+distill+ce,False,3,cross,3,mAP,63.36,46.37,65.52,65.58,64.54,46.37,66.58,66.36,64.54,38.62,70.76,69.78,53.88,checkpoints/sft_evan_base_benv2_s2_rgb_fft_lr0.0005_20260418_071437.pt,checkpoints/delulunet_benv2_0421_0828.pt
benv2,evan_base,s1,s2,0.000192,0.00353,120,0.322,0.283,0.296,0.5,151668518,latent+prefusion+distill+ce,False,3,cross,3,mAP,49.23,51.17,50.71,51.35,53.62,51.17,51.4,49.16,53.62,35.89,53.06,51.31,43.18,checkpoints/sft_evan_base_benv2_s1_fft_lr0.0005_20260418_064233.pt,checkpoints/delulunet_benv2_0421_0828.pt
benv2,evan_base,s1,s2,0.000229,0.000788,120,0.467,0.356,0.433,0.5,151668518,latent+prefusion+distill+ce,False,3,cross,3,mAP,49.23,52.94,50.82,51.12,55.29,52.94,50.72,51.12,55.29,36.36,53.63,52.76,44.56,checkpoints/sft_evan_base_benv2_s1_fft_lr0.0005_20260418_064233.pt,checkpoints/delulunet_benv2_0421_0829.pt
benv2,evan_base,s2,s1,0.000192,0.00353,120,0.322,0.283,0.296,0.5,151668518,latent+prefusion+distill+ce,False,3,cross,3,mAP,61.27,48.78,63.66,63.66,63.22,48.78,63.71,63.65,63.22,39.18,68.14,67.87,52.93,checkpoints/sft_evan_base_benv2_s2_fft_lr0.001_20260418_112953.pt,checkpoints/delulunet_benv2_0421_0829.pt
benv2,evan_base,s2_rgb,s1,0.000192,0.00353,120,0.322,0.283,0.296,0.5,149899046,latent+prefusion+distill+ce,False,3,cross,3,mAP,63.36,47.31,65.33,65.44,64.99,47.31,65.33,65.44,64.99,38.61,71.1,70.21,54.41,checkpoints/sft_evan_base_benv2_s2_rgb_fft_lr0.0005_20260418_071437.pt,checkpoints/delulunet_benv2_0421_0830.pt
benv2,evan_base,s2_rgb,s2_norgb,0.000192,0.00353,120,0.322,0.283,0.296,0.5,151275302,latent+prefusion+distill+ce,False,3,cross,3,mAP,63.36,60.82,66.08,66.25,65.08,60.82,66.22,66.4,65.08,54.72,71.72,70.16,62.44,checkpoints/sft_evan_base_benv2_s2_rgb_fft_lr0.0005_20260418_071437.pt,checkpoints/delulunet_benv2_0421_0831.pt
benv2,evan_base,s1,s2_norgb,0.000229,0.000788,120,0.467,0.356,0.433,0.5,151078694,latent+prefusion+distill+ce,False,3,cross,3,mAP,49.23,51.1,51.02,51.36,53.33,51.1,51.02,51.36,53.33,35.94,53.99,52.41,44.17,checkpoints/sft_evan_base_benv2_s1_fft_lr0.0005_20260418_064233.pt,checkpoints/delulunet_benv2_0421_0831.pt
benv2,evan_base,s1,s2_norgb,0.000192,0.00353,120,0.322,0.283,0.296,0.5,151078694,latent+prefusion+distill+ce,False,3,cross,3,mAP,49.23,50.77,50.7,50.86,53.02,50.77,50.7,51.91,53.02,36.27,54.29,51.58,43.58,checkpoints/sft_evan_base_benv2_s1_fft_lr0.0005_20260418_064233.pt,checkpoints/delulunet_benv2_0421_0832.pt
benv2,evan_base,s1,s2_rgb,0.000192,0.00353,120,0.322,0.283,0.296,0.5,149899046,latent+prefusion+distill+ce,False,3,cross,3,mAP,49.23,46.49,51.07,51.39,51.9,46.49,51.58,49.35,51.9,33.64,53.92,51.02,42.14,checkpoints/sft_evan_base_benv2_s1_fft_lr0.0005_20260418_064233.pt,checkpoints/delulunet_benv2_0421_0833.pt
benv2,evan_base,s1,s2_norgb,0.000192,0.00353,120,0.322,0.283,0.296,0.5,151078694,latent+prefusion+distill+ce,False,3,cross,3,mAP,49.23,52.26,50.85,51.22,54.34,52.26,51.07,51.22,54.34,35.79,54.16,52.45,44.12,checkpoints/sft_evan_base_benv2_s1_fft_lr0.0005_20260418_064233.pt,checkpoints/delulunet_benv2_0421_0834.pt
benv2,evan_base,s1,s2,0.00015,0.000102,120,0.716,0.13,0.555,0.5,151668518,latent+prefusion+distill+ce,False,3,cross,3,mAP,49.23,49.51,51.2,51.51,53.03,49.51,51.2,51.51,53.03,34.73,54.1,51.5,43.12,checkpoints/sft_evan_base_benv2_s1_fft_lr0.0005_20260418_064233.pt,checkpoints/delulunet_benv2_0421_0859.pt
benv2,evan_base,s2,s1,0.000168,0.00338,120,0.181,0.369,0.669,0.5,151668518,latent+prefusion+distill+ce,False,3,cross,3,mAP,61.27,48.96,64.01,64.03,63.63,49.21,63.4,63.7,63.63,38.39,67.95,67.28,52.38,checkpoints/sft_evan_base_benv2_s2_fft_lr0.001_20260418_112953.pt,checkpoints/delulunet_benv2_0421_0945.pt
benv2,evan_base,s2_rgb,s2_norgb,0.00015,0.000102,120,0.716,0.13,0.555,0.5,151275302,latent+prefusion+distill+ce,False,3,cross,3,mAP,63.36,60.0,64.47,64.76,64.79,59.14,65.09,64.76,64.79,50.5,71.41,69.43,59.88,checkpoints/sft_evan_base_benv2_s2_rgb_fft_lr0.0005_20260418_071437.pt,checkpoints/delulunet_benv2_0421_0959.pt
benv2,evan_base,s1,s2_rgb,0.000192,0.00353,120,0.322,0.283,0.296,0.5,149899046,latent+prefusion+distill+ce,False,3,cross,3,mAP,49.23,47.63,49.14,49.37,51.44,47.7,51.4,50.0,51.44,33.58,53.82,51.38,41.85,checkpoints/sft_evan_base_benv2_s1_fft_lr0.0005_20260418_064233.pt,checkpoints/delulunet_benv2_0421_1041.pt
benv2,evan_base,s2_rgb,s2_norgb,0.000168,0.00338,120,0.181,0.369,0.669,0.5,151275302,latent+prefusion+distill+ce,False,3,cross,3,mAP,63.36,62.23,65.16,65.47,65.85,62.23,65.46,65.89,65.85,54.94,70.88,70.1,62.42,checkpoints/sft_evan_base_benv2_s2_rgb_fft_lr0.0005_20260418_071437.pt,checkpoints/delulunet_benv2_0421_1042.pt
benv2,evan_base,s2_rgb,s1,0.000229,0.000788,120,0.467,0.356,0.433,0.5,149899046,latent+prefusion+distill+ce,False,3,cross,3,mAP,63.36,50.54,65.08,65.23,64.32,49.75,65.57,65.35,64.32,41.79,71.31,70.08,55.81,checkpoints/sft_evan_base_benv2_s2_rgb_fft_lr0.0005_20260418_071437.pt,checkpoints/delulunet_benv2_0421_1042.pt
benv2,evan_base,s2_rgb,s1,0.000192,0.00353,120,0.322,0.283,0.296,0.5,149899046,latent+prefusion+distill+ce,False,3,cross,3,mAP,63.36,47.48,65.27,66.05,65.46,47.48,66.16,66.54,65.46,39.2,71.75,69.91,54.49,checkpoints/sft_evan_base_benv2_s2_rgb_fft_lr0.0005_20260418_071437.pt,checkpoints/delulunet_benv2_0421_1045.pt
benv2,evan_base,s2_rgb,s1,0.000168,0.00338,120,0.181,0.369,0.669,0.5,149899046,latent+prefusion+distill+ce,False,3,cross,3,mAP,63.36,47.14,65.79,65.95,65.23,47.14,65.28,64.97,65.23,39.77,70.62,69.42,54.48,checkpoints/sft_evan_base_benv2_s2_rgb_fft_lr0.0005_20260418_071437.pt,checkpoints/delulunet_benv2_0421_1046.pt
benv2,evan_base,s2_rgb,s2_norgb,0.000192,0.00353,120,0.322,0.283,0.296,0.5,151275302,latent+prefusion+distill+ce,False,3,cross,3,mAP,63.36,60.35,64.99,65.11,65.02,60.39,65.82,65.11,65.02,53.12,70.77,69.3,61.07,checkpoints/sft_evan_base_benv2_s2_rgb_fft_lr0.0005_20260418_071437.pt,checkpoints/delulunet_benv2_0421_1046.pt
benv2,evan_base,s1,s2,0.000229,0.000788,120,0.467,0.356,0.433,0.5,151668518,latent+prefusion+distill+ce,False,3,cross,3,mAP,49.23,52.77,51.43,52.02,55.16,52.77,51.43,51.23,55.16,36.97,54.29,52.19,44.39,checkpoints/sft_evan_base_benv2_s1_fft_lr0.0005_20260418_064233.pt,checkpoints/delulunet_benv2_0421_1047.pt
benv2,evan_base,s1,s2,0.000168,0.00338,120,0.181,0.369,0.669,0.5,151668518,latent+prefusion+distill+ce,False,3,cross,3,mAP,49.23,51.07,51.97,52.43,54.98,51.07,51.33,50.24,54.98,34.94,53.91,51.0,42.72,checkpoints/sft_evan_base_benv2_s1_fft_lr0.0005_20260418_064233.pt,checkpoints/delulunet_benv2_0421_1048.pt
benv2,evan_base,s1,s2_norgb,0.000168,0.00338,120,0.181,0.369,0.669,0.5,151078694,latent+prefusion+distill+ce,False,3,cross,3,mAP,49.23,50.01,50.12,50.36,52.23,50.01,50.62,50.18,52.23,35.37,54.36,51.44,43.38,checkpoints/sft_evan_base_benv2_s1_fft_lr0.0005_20260418_064233.pt,checkpoints/delulunet_benv2_0421_1049.pt
benv2,evan_base,s2,s1,0.000192,0.00353,120,0.322,0.283,0.296,0.5,151668518,latent+prefusion+distill+ce,False,3,cross,3,mAP,61.27,47.78,63.61,63.64,64.0,49.51,63.61,63.64,64.0,38.62,67.98,67.27,52.79,checkpoints/sft_evan_base_benv2_s2_fft_lr0.001_20260418_112953.pt,checkpoints/delulunet_benv2_0421_1050.pt
benv2,evan_base,s2_rgb,s2_norgb,0.000229,0.000788,120,0.467,0.356,0.433,0.5,151275302,latent+prefusion+distill+ce,False,3,cross,3,mAP,63.36,61.11,64.2,64.52,64.41,61.11,65.64,64.52,64.41,56.37,71.75,69.75,63.06,checkpoints/sft_evan_base_benv2_s2_rgb_fft_lr0.0005_20260418_071437.pt,checkpoints/delulunet_benv2_0421_1052.pt
benv2,evan_base,s2,s1,0.000229,0.000788,120,0.467,0.356,0.433,0.5,151668518,latent+prefusion+distill+ce,False,3,cross,3,mAP,61.27,51.24,63.6,63.63,64.09,51.73,63.6,63.63,64.09,39.04,67.81,66.79,52.91,checkpoints/sft_evan_base_benv2_s2_fft_lr0.001_20260418_112953.pt,checkpoints/delulunet_benv2_0421_1052.pt
benv2,evan_base,s2_rgb,s1,0.00015,0.000102,120,0.716,0.13,0.555,0.5,149899046,latent+prefusion+distill+ce,False,3,cross,3,mAP,63.36,48.91,65.15,66.27,65.43,48.91,65.15,64.44,65.43,38.7,71.94,69.19,53.47,checkpoints/sft_evan_base_benv2_s2_rgb_fft_lr0.0005_20260418_071437.pt,checkpoints/delulunet_benv2_0421_1054.pt
benv2,evan_base,s1,s2_norgb,0.000192,0.00353,120,0.322,0.283,0.296,0.5,151078694,latent+prefusion+distill+ce,False,3,cross,3,mAP,49.23,51.79,49.71,50.19,53.3,51.79,50.85,50.19,53.3,35.41,54.27,51.54,43.47,checkpoints/sft_evan_base_benv2_s1_fft_lr0.0005_20260418_064233.pt,checkpoints/delulunet_benv2_0421_1057.pt
benv2,evan_base,s1,s2_norgb,0.00015,0.000102,120,0.716,0.13,0.555,0.5,151078694,latent+prefusion+distill+ce,False,3,cross,3,mAP,49.23,48.69,49.89,51.53,52.91,48.69,49.89,51.53,52.91,34.63,54.32,51.39,43.01,checkpoints/sft_evan_base_benv2_s1_fft_lr0.0005_20260418_064233.pt,checkpoints/delulunet_benv2_0421_1112.pt
benv2,evan_large,s2,s1,0.000229,0.000788,120,0.467,0.356,0.433,0.5,419464230,latent+prefusion+distill+ce,False,3,cross,3,mAP,64.99,56.29,65.49,65.5,64.96,55.92,66.66,65.97,64.96,46.96,71.38,69.27,57.82,checkpoints/sft_evan_large_benv2_s2_fft_lr0.001_20260418_053837.pt,checkpoints/delulunet_benv2_0421_1212.pt
benv2,evan_large,s1,s2,0.000229,0.000788,120,0.467,0.356,0.433,0.5,419464230,latent+prefusion+distill+ce,False,3,cross,3,mAP,51.5,53.33,51.92,53.21,54.86,53.19,53.05,52.78,54.86,39.14,56.84,52.28,45.32,checkpoints/sft_evan_large_benv2_s1_fft_lr0.001_20260418_054056.pt,checkpoints/delulunet_benv2_0421_1221.pt
benv2,evan_large,s2,s1,0.000192,0.00353,120,0.322,0.283,0.296,0.5,419464230,latent+prefusion+distill+ce,False,3,cross,3,mAP,64.99,54.42,65.86,65.8,64.65,54.63,67.12,66.82,64.65,46.18,72.41,70.17,57.9,checkpoints/sft_evan_large_benv2_s2_fft_lr0.001_20260418_053837.pt,checkpoints/delulunet_benv2_0421_1221.pt
benv2,evan_large,s2_rgb,s1,0.000192,0.00353,120,0.322,0.283,0.296,0.5,417104934,latent+prefusion+distill+ce,False,3,cross,3,mAP,65.91,55.02,67.44,67.54,65.98,55.78,67.67,67.54,65.98,46.64,73.44,72.34,59.26,checkpoints/sft_evan_large_benv2_s2_rgb_fft_lr0.001_20260418_063509.pt,checkpoints/delulunet_benv2_0421_1221.pt
benv2,evan_large,s2,s1,0.000192,0.00353,120,0.322,0.283,0.296,0.5,419464230,latent+prefusion+distill+ce,False,3,cross,3,mAP,64.99,56.43,65.87,65.88,65.78,56.43,66.32,66.93,65.78,45.67,71.65,70.1,57.79,checkpoints/sft_evan_large_benv2_s2_fft_lr0.001_20260418_053837.pt,checkpoints/delulunet_benv2_0421_1221.pt
benv2,evan_large,s2_rgb,s1,0.000192,0.00353,120,0.322,0.283,0.296,0.5,417104934,latent+prefusion+distill+ce,False,3,cross,3,mAP,65.91,54.58,67.3,67.48,65.87,54.58,67.48,67.48,65.87,46.0,73.41,71.21,58.61,checkpoints/sft_evan_large_benv2_s2_rgb_fft_lr0.001_20260418_063509.pt,checkpoints/delulunet_benv2_0421_1221.pt
benv2,evan_large,s2_rgb,s2_norgb,0.000229,0.000788,120,0.467,0.356,0.433,0.5,418939942,latent+prefusion+distill+ce,False,3,cross,3,mAP,65.91,65.14,66.58,66.69,66.3,65.14,67.61,66.37,66.3,65.02,73.26,71.27,67.78,checkpoints/sft_evan_large_benv2_s2_rgb_fft_lr0.001_20260418_063509.pt,checkpoints/delulunet_benv2_0421_1222.pt
benv2,evan_large,s1,s2,0.000192,0.00353,120,0.322,0.283,0.296,0.5,419464230,latent+prefusion+distill+ce,False,3,cross,3,mAP,51.5,52.65,52.15,52.81,54.88,52.77,51.73,53.31,54.88,38.2,56.53,53.54,45.69,checkpoints/sft_evan_large_benv2_s1_fft_lr0.001_20260418_054056.pt,checkpoints/delulunet_benv2_0421_1222.pt
benv2,evan_large,s2_rgb,s2_norgb,0.000192,0.00353,120,0.322,0.283,0.296,0.5,418939942,latent+prefusion+distill+ce,False,3,cross,3,mAP,65.91,65.24,67.5,67.56,67.45,65.24,67.51,67.33,67.45,59.01,73.45,72.15,65.34,checkpoints/sft_evan_large_benv2_s2_rgb_fft_lr0.001_20260418_063509.pt,checkpoints/delulunet_benv2_0421_1222.pt
benv2,evan_large,s2_rgb,s1,0.000192,0.00353,120,0.322,0.283,0.296,0.5,417104934,latent+prefusion+distill+ce,False,3,cross,3,mAP,65.91,57.44,67.32,67.52,66.72,57.44,68.12,67.36,66.72,47.51,73.44,72.1,59.64,checkpoints/sft_evan_large_benv2_s2_rgb_fft_lr0.001_20260418_063509.pt,checkpoints/delulunet_benv2_0421_1225.pt
benv2,evan_large,s2_rgb,s2_norgb,0.000192,0.00353,120,0.322,0.283,0.296,0.5,418939942,latent+prefusion+distill+ce,False,3,cross,3,mAP,65.91,65.46,67.31,67.44,67.26,64.84,66.4,67.29,67.26,61.15,73.21,72.05,66.35,checkpoints/sft_evan_large_benv2_s2_rgb_fft_lr0.001_20260418_063509.pt,checkpoints/delulunet_benv2_0421_1228.pt
benv2,evan_large,s1,s2_rgb,0.000192,0.00353,120,0.322,0.283,0.296,0.5,417104934,latent+prefusion+distill+ce,False,3,cross,3,mAP,51.5,50.12,52.75,53.2,53.8,50.88,53.39,53.2,53.8,35.97,56.6,53.81,44.56,checkpoints/sft_evan_large_benv2_s1_fft_lr0.001_20260418_054056.pt,checkpoints/delulunet_benv2_0421_1231.pt
benv2,evan_large,s1,s2,0.000192,0.00353,120,0.322,0.283,0.296,0.5,419464230,latent+prefusion+distill+ce,False,3,cross,3,mAP,51.5,53.32,51.91,52.34,55.06,53.32,53.15,53.06,55.06,37.54,56.16,53.91,45.41,checkpoints/sft_evan_large_benv2_s1_fft_lr0.001_20260418_054056.pt,checkpoints/delulunet_benv2_0421_1234.pt
benv2,evan_large,s1,s2_rgb,0.000192,0.00353,120,0.322,0.283,0.296,0.5,417104934,latent+prefusion+distill+ce,False,3,cross,3,mAP,51.5,51.73,51.54,52.15,54.22,51.87,52.49,52.9,54.22,37.04,56.99,53.86,44.87,checkpoints/sft_evan_large_benv2_s1_fft_lr0.001_20260418_054056.pt,checkpoints/delulunet_benv2_0421_1236.pt
benv2,evan_large,s1,s2,0.000192,0.00353,120,0.322,0.283,0.296,0.5,419464230,latent+prefusion+distill+ce,False,3,cross,3,mAP,51.5,52.57,52.08,52.75,54.76,53.11,53.7,52.75,54.76,38.22,56.71,53.72,45.78,checkpoints/sft_evan_large_benv2_s1_fft_lr0.001_20260418_054056.pt,checkpoints/delulunet_benv2_0421_1237.pt
benv2,evan_large,s1,s2_rgb,0.000192,0.00353,120,0.322,0.283,0.296,0.5,417104934,latent+prefusion+distill+ce,False,3,cross,3,mAP,51.5,50.66,51.57,52.11,53.92,50.66,52.77,52.99,53.92,35.78,56.96,53.7,44.52,checkpoints/sft_evan_large_benv2_s1_fft_lr0.001_20260418_054056.pt,checkpoints/delulunet_benv2_0421_1238.pt
benv2,evan_large,s2_rgb,s2_norgb,0.000192,0.00353,120,0.322,0.283,0.296,0.5,418939942,latent+prefusion+distill+ce,False,3,cross,3,mAP,65.91,65.69,67.32,67.37,67.18,65.69,67.4,67.5,67.18,63.05,73.69,72.82,67.61,checkpoints/sft_evan_large_benv2_s2_rgb_fft_lr0.001_20260418_063509.pt,checkpoints/delulunet_benv2_0421_1240.pt
benv2,evan_large,s1,s2_norgb,0.000192,0.00353,120,0.322,0.283,0.296,0.5,418677798,latent+prefusion+distill+ce,False,3,cross,3,mAP,51.5,52.84,51.77,52.41,54.87,52.84,52.77,52.41,54.87,38.0,56.44,53.71,45.86,checkpoints/sft_evan_large_benv2_s1_fft_lr0.001_20260418_054056.pt,checkpoints/delulunet_benv2_0421_1250.pt
benv2,evan_large,s1,s2_norgb,0.000229,0.000788,120,0.467,0.356,0.433,0.5,418677798,latent+prefusion+distill+ce,False,3,cross,3,mAP,51.5,53.37,51.55,53.09,54.65,53.52,52.9,53.77,54.65,38.67,57.25,51.67,44.85,checkpoints/sft_evan_large_benv2_s1_fft_lr0.001_20260418_054056.pt,checkpoints/delulunet_benv2_0421_1300.pt
eurosat,evan_base,rgb,vre,0.000229,0.000788,120,0.467,0.356,0.433,0.5,150081812,latent+prefusion+distill+ce,False,3,cross,3,Acc,98.63,96.85,98.93,98.94,98.8,96.91,98.96,99.02,98.8,96.4,98.96,98.85,97.55,checkpoints/sft_evan_base_eurosat_rgb_fft_lr0.0005_20260418_002329.pt,checkpoints/delulunet_eurosat_0421_1419.pt
eurosat,evan_base,rgb,vre,0.000192,0.00353,120,0.322,0.283,0.296,0.5,150081812,latent+prefusion+distill+ce,False,3,cross,3,Acc,98.63,92.48,98.65,98.74,98.46,92.48,98.65,98.7,98.46,91.94,98.78,98.7,95.27,checkpoints/sft_evan_base_eurosat_rgb_fft_lr0.0005_20260418_002329.pt,checkpoints/delulunet_eurosat_0421_1426.pt
eurosat,evan_base,rgb,vre,0.000192,0.00353,120,0.322,0.283,0.296,0.5,150081812,latent+prefusion+distill+ce,False,3,cross,3,Acc,98.63,92.17,98.7,98.8,98.43,92.26,98.7,98.8,98.43,91.53,98.96,98.67,95.1,checkpoints/sft_evan_base_eurosat_rgb_fft_lr0.0005_20260418_002329.pt,checkpoints/delulunet_eurosat_0421_1433.pt
eurosat,evan_base,rgb,nir,0.000229,0.000788,120,0.467,0.356,0.433,0.5,149885204,latent+prefusion+distill+ce,False,3,cross,3,Acc,98.63,85.72,98.89,98.93,98.61,85.72,98.78,98.8,98.61,84.99,98.96,98.89,91.85,checkpoints/sft_evan_base_eurosat_rgb_fft_lr0.0005_20260418_002329.pt,checkpoints/delulunet_eurosat_0421_1435.pt
eurosat,evan_base,rgb,nir,0.000192,0.00353,120,0.322,0.283,0.296,0.5,149885204,latent+prefusion+distill+ce,False,3,cross,3,Acc,98.63,81.24,98.69,98.78,98.13,81.24,98.63,98.78,98.13,80.81,98.59,98.3,89.55,checkpoints/sft_evan_base_eurosat_rgb_fft_lr0.0005_20260418_002329.pt,checkpoints/delulunet_eurosat_0421_1435.pt
eurosat,evan_base,vre,rgb,0.000229,0.000788,120,0.467,0.356,0.433,0.5,150081812,latent+prefusion+distill+ce,False,3,cross,3,Acc,90.67,90.15,91.57,91.76,92.44,90.33,91.57,91.69,92.44,82.74,91.07,90.15,86.39,checkpoints/sft_evan_base_eurosat_vre_fft_lr0.0005_20260418_051940.pt,checkpoints/delulunet_eurosat_0421_1438.pt
eurosat,evan_base,rgb,nir,0.000192,0.00353,120,0.322,0.283,0.296,0.5,149885204,latent+prefusion+distill+ce,False,3,cross,3,Acc,98.63,79.69,98.67,98.74,98.07,79.69,98.67,98.74,98.07,77.98,98.67,98.45,88.22,checkpoints/sft_evan_base_eurosat_rgb_fft_lr0.0005_20260418_002329.pt,checkpoints/delulunet_eurosat_0421_1439.pt
eurosat,evan_base,vre,nir,0.000192,0.00353,120,0.322,0.283,0.296,0.5,149885204,latent+prefusion+distill+ce,False,3,cross,3,Acc,90.67,73.98,92.2,92.0,91.98,73.98,91.81,92.11,91.98,66.23,91.33,90.5,78.24,checkpoints/sft_evan_base_eurosat_vre_fft_lr0.0005_20260418_051940.pt,checkpoints/delulunet_eurosat_0421_1444.pt
eurosat,evan_base,rgb,nir,0.000192,0.00353,120,0.322,0.283,0.296,0.5,149885204,latent+prefusion+distill+ce,False,3,cross,3,Acc,98.63,80.78,98.5,98.7,98.28,80.78,98.54,98.7,98.28,78.8,98.63,98.37,88.57,checkpoints/sft_evan_base_eurosat_rgb_fft_lr0.0005_20260418_002329.pt,checkpoints/delulunet_eurosat_0421_1444.pt
eurosat,evan_base,vre,rgb,0.000192,0.00353,120,0.322,0.283,0.296,0.5,150081812,latent+prefusion+distill+ce,False,3,cross,3,Acc,90.67,89.7,91.94,92.24,92.81,90.22,91.89,92.24,92.81,83.11,91.44,90.05,86.46,checkpoints/sft_evan_base_eurosat_vre_fft_lr0.0005_20260418_051940.pt,checkpoints/delulunet_eurosat_0421_1445.pt
eurosat,evan_large,rgb,vre,0.000229,0.000788,120,0.467,0.356,0.433,0.5,435722772,latent+prefusion+distill+ce,False,3,cross,3,Acc,99.07,97.94,99.13,99.2,99.15,97.85,99.07,99.13,99.15,97.75,99.07,99.07,98.4,checkpoints/sft_evan_large_eurosat_rgb_fft_lr0.0005_20260418_035424.pt,checkpoints/delulunet_eurosat_0421_1448.pt
eurosat,evan_base,vre,nir,0.000229,0.000788,120,0.467,0.356,0.433,0.5,149885204,latent+prefusion+distill+ce,False,3,cross,3,Acc,90.67,75.94,91.3,91.44,91.3,75.65,91.3,91.56,91.3,68.48,91.19,90.53,79.43,checkpoints/sft_evan_base_eurosat_vre_fft_lr0.0005_20260418_051940.pt,checkpoints/delulunet_eurosat_0421_1449.pt
eurosat,evan_base,rgb,vre,0.000192,0.00353,120,0.322,0.283,0.296,0.5,150081812,latent+prefusion+distill+ce,False,3,cross,3,Acc,98.63,93.87,98.67,98.72,98.48,93.87,98.67,98.83,98.48,93.15,98.67,98.41,95.76,checkpoints/sft_evan_base_eurosat_rgb_fft_lr0.0005_20260418_002329.pt,checkpoints/delulunet_eurosat_0421_1450.pt
eurosat,evan_base,vre,nir,0.000192,0.00353,120,0.322,0.283,0.296,0.5,149885204,latent+prefusion+distill+ce,False,3,cross,3,Acc,90.67,74.67,91.89,91.98,92.04,74.67,91.89,91.61,92.04,68.03,91.63,90.88,79.43,checkpoints/sft_evan_base_eurosat_vre_fft_lr0.0005_20260418_051940.pt,checkpoints/delulunet_eurosat_0421_1452.pt
eurosat,evan_base,vre,rgb,0.000192,0.00353,120,0.322,0.283,0.296,0.5,150081812,latent+prefusion+distill+ce,False,3,cross,3,Acc,90.67,89.98,91.91,92.35,92.87,89.98,91.8,92.2,92.87,82.81,91.37,89.98,86.34,checkpoints/sft_evan_base_eurosat_vre_fft_lr0.0005_20260418_051940.pt,checkpoints/delulunet_eurosat_0421_1452.pt
eurosat,evan_large,swir,vre,0.000192,0.00353,120,0.322,0.283,0.296,0.5,435722772,latent+prefusion+distill+ce,False,3,cross,3,Acc,95.57,96.28,96.41,96.63,96.91,96.15,96.28,96.63,96.91,93.26,96.3,95.3,94.26,checkpoints/sft_evan_large_eurosat_swir_fft_lr0.0005_20260418_042950.pt,checkpoints/delulunet_eurosat_0421_1454.pt
eurosat,evan_base,vre,nir,0.000192,0.00353,120,0.322,0.283,0.296,0.5,149885204,latent+prefusion+distill+ce,False,3,cross,3,Acc,90.67,75.2,91.85,91.65,91.52,75.2,91.76,91.76,91.52,68.11,91.56,90.5,79.2,checkpoints/sft_evan_base_eurosat_vre_fft_lr0.0005_20260418_051940.pt,checkpoints/delulunet_eurosat_0421_1456.pt
eurosat,evan_base,vre,rgb,0.000192,0.00353,120,0.322,0.283,0.296,0.5,150081812,latent+prefusion+distill+ce,False,3,cross,3,Acc,90.67,90.63,92.06,92.39,92.57,89.89,92.04,92.39,92.57,82.91,91.89,90.24,86.57,checkpoints/sft_evan_base_eurosat_vre_fft_lr0.0005_20260418_051940.pt,checkpoints/delulunet_eurosat_0421_1456.pt
eurosat,evan_base,swir,rgb,0.000229,0.000788,120,0.467,0.356,0.433,0.5,150081812,latent+prefusion+distill+ce,False,3,cross,3,Acc,88.59,90.76,89.65,90.87,92.02,90.76,89.67,90.76,92.02,81.33,90.7,88.7,84.94,checkpoints/sft_evan_base_eurosat_swir_fft_lr0.0005_20260418_052634.pt,checkpoints/delulunet_eurosat_0421_1459.pt
eurosat,evan_base,swir,rgb,0.000192,0.00353,120,0.322,0.283,0.296,0.5,150081812,latent+prefusion+distill+ce,False,3,cross,3,Acc,88.59,90.74,90.0,91.0,92.06,90.74,90.02,91.04,92.06,80.26,90.41,87.66,83.88,checkpoints/sft_evan_base_eurosat_swir_fft_lr0.0005_20260418_052634.pt,checkpoints/delulunet_eurosat_0421_1500.pt
eurosat,evan_base,swir,vre,0.000229,0.000788,120,0.467,0.356,0.433,0.5,150081812,latent+prefusion+distill+ce,False,3,cross,3,Acc,88.59,89.13,89.98,91.11,91.63,89.13,89.98,90.96,91.63,81.77,90.81,88.39,84.98,checkpoints/sft_evan_base_eurosat_swir_fft_lr0.0005_20260418_052634.pt,checkpoints/delulunet_eurosat_0421_1501.pt
eurosat,evan_large,vre,nir,0.000192,0.00353,120,0.322,0.283,0.296,0.5,435198228,latent+prefusion+distill+ce,False,3,cross,3,Acc,96.35,92.59,97.44,97.41,97.0,92.94,97.3,97.44,97.0,90.97,97.52,97.16,93.96,checkpoints/sft_evan_large_eurosat_vre_fft_lr0.0005_20260418_041229.pt,checkpoints/delulunet_eurosat_0421_1502.pt
eurosat,evan_large,swir,rgb,0.000192,0.00353,120,0.322,0.283,0.296,0.5,435722772,latent+prefusion+distill+ce,False,3,cross,3,Acc,95.57,96.22,96.39,96.67,97.2,96.22,96.39,96.57,97.2,93.02,96.44,95.65,94.32,checkpoints/sft_evan_large_eurosat_swir_fft_lr0.0005_20260418_042950.pt,checkpoints/delulunet_eurosat_0421_1503.pt
eurosat,evan_base,swir,vre,0.000192,0.00353,120,0.322,0.283,0.296,0.5,150081812,latent+prefusion+distill+ce,False,3,cross,3,Acc,88.59,88.67,89.89,91.26,91.13,88.69,89.98,91.07,91.13,80.56,90.41,87.32,83.86,checkpoints/sft_evan_base_eurosat_swir_fft_lr0.0005_20260418_052634.pt,checkpoints/delulunet_eurosat_0421_1508.pt
eurosat,evan_large,rgb,nir,0.000192,0.00353,120,0.322,0.283,0.296,0.5,435198228,latent+prefusion+distill+ce,False,3,cross,3,Acc,99.07,93.04,99.13,99.19,98.87,93.04,99.17,99.3,98.87,92.73,99.11,98.96,95.81,checkpoints/sft_evan_large_eurosat_rgb_fft_lr0.0005_20260418_035424.pt,checkpoints/delulunet_eurosat_0421_1508.pt
eurosat,evan_base,swir,nir,0.000229,0.000788,120,0.467,0.356,0.433,0.5,149885204,latent+prefusion+distill+ce,False,3,cross,3,Acc,88.59,76.67,89.93,90.0,91.2,76.67,89.78,90.0,91.2,67.69,90.52,89.33,78.32,checkpoints/sft_evan_base_eurosat_swir_fft_lr0.0005_20260418_052634.pt,checkpoints/delulunet_eurosat_0421_1509.pt
eurosat,evan_large,vre,rgb,0.000229,0.000788,120,0.467,0.356,0.433,0.5,435722772,latent+prefusion+distill+ce,False,3,cross,3,Acc,96.35,96.35,96.96,97.22,97.13,96.35,96.96,97.22,97.13,94.59,96.74,96.24,95.42,checkpoints/sft_evan_large_eurosat_vre_fft_lr0.0005_20260418_041229.pt,checkpoints/delulunet_eurosat_0421_1509.pt
eurosat,evan_base,swir,rgb,0.000192,0.00353,120,0.322,0.283,0.296,0.5,150081812,latent+prefusion+distill+ce,False,3,cross,3,Acc,88.59,89.87,90.04,91.3,92.0,89.85,90.04,91.43,92.0,80.16,90.67,87.82,83.9,checkpoints/sft_evan_base_eurosat_swir_fft_lr0.0005_20260418_052634.pt,checkpoints/delulunet_eurosat_0421_1509.pt
eurosat,evan_large,swir,nir,0.000229,0.000788,120,0.467,0.356,0.433,0.5,435198228,latent+prefusion+distill+ce,False,3,cross,3,Acc,95.57,93.56,96.35,96.57,96.67,93.61,96.24,96.43,96.67,90.31,96.3,95.86,93.01,checkpoints/sft_evan_large_eurosat_swir_fft_lr0.0005_20260418_042950.pt,checkpoints/delulunet_eurosat_0421_1511.pt
eurosat,evan_large,rgb,nir,0.000229,0.000788,120,0.467,0.356,0.433,0.5,435198228,latent+prefusion+distill+ce,False,3,cross,3,Acc,99.07,96.76,99.22,99.19,99.0,96.76,98.98,99.17,99.0,95.66,99.07,99.0,97.31,checkpoints/sft_evan_large_eurosat_rgb_fft_lr0.0005_20260418_035424.pt,checkpoints/delulunet_eurosat_0421_1511.pt
eurosat,evan_large,swir,rgb,0.000229,0.000788,120,0.467,0.356,0.433,0.5,435722772,latent+prefusion+distill+ce,False,3,cross,3,Acc,95.57,96.33,96.33,96.72,96.91,96.44,96.3,96.72,96.91,93.16,96.3,95.58,94.28,checkpoints/sft_evan_large_eurosat_swir_fft_lr0.0005_20260418_042950.pt,checkpoints/delulunet_eurosat_0421_1511.pt
eurosat,evan_base,swir,rgb,0.000192,0.00353,120,0.322,0.283,0.296,0.5,150081812,latent+prefusion+distill+ce,False,3,cross,3,Acc,88.59,89.61,89.72,90.7,91.98,89.61,89.65,90.89,91.98,79.42,90.67,87.75,83.45,checkpoints/sft_evan_base_eurosat_swir_fft_lr0.0005_20260418_052634.pt,checkpoints/delulunet_eurosat_0421_1512.pt
eurosat,evan_large,swir,vre,0.000229,0.000788,120,0.467,0.356,0.433,0.5,435722772,latent+prefusion+distill+ce,False,3,cross,3,Acc,95.57,96.3,96.22,96.7,96.96,96.3,96.22,96.7,96.96,93.62,96.37,95.76,94.69,checkpoints/sft_evan_large_eurosat_swir_fft_lr0.0005_20260418_042950.pt,checkpoints/delulunet_eurosat_0421_1513.pt
eurosat,evan_base,swir,vre,0.000192,0.00353,120,0.322,0.283,0.296,0.5,150081812,latent+prefusion+distill+ce,False,3,cross,3,Acc,88.59,89.07,90.09,91.11,91.76,89.2,90.09,91.2,91.76,80.37,90.37,86.76,83.51,checkpoints/sft_evan_base_eurosat_swir_fft_lr0.0005_20260418_052634.pt,checkpoints/delulunet_eurosat_0421_1514.pt
eurosat,evan_large,rgb,vre,0.000192,0.00353,120,0.322,0.283,0.296,0.5,435722772,latent+prefusion+distill+ce,False,3,cross,3,Acc,99.07,96.94,99.13,99.17,98.96,96.94,98.93,98.94,98.96,96.33,98.81,98.81,97.46,checkpoints/sft_evan_large_eurosat_rgb_fft_lr0.0005_20260418_035424.pt,checkpoints/delulunet_eurosat_0421_1515.pt
eurosat,evan_large,vre,rgb,0.000192,0.00353,120,0.322,0.283,0.296,0.5,435722772,latent+prefusion+distill+ce,False,3,cross,3,Acc,96.35,96.76,96.93,97.22,97.33,96.72,96.91,97.28,97.33,94.59,96.93,96.42,95.47,checkpoints/sft_evan_large_eurosat_vre_fft_lr0.0005_20260418_041229.pt,checkpoints/delulunet_eurosat_0421_1515.pt
eurosat,evan_large,rgb,nir,0.000192,0.00353,120,0.322,0.283,0.296,0.5,435198228,latent+prefusion+distill+ce,False,3,cross,3,Acc,99.07,95.5,99.02,99.15,98.83,95.5,99.04,99.15,98.83,94.64,98.85,98.85,96.73,checkpoints/sft_evan_large_eurosat_rgb_fft_lr0.0005_20260418_035424.pt,checkpoints/delulunet_eurosat_0421_1516.pt
eurosat,evan_large,vre,nir,0.000229,0.000788,120,0.467,0.356,0.433,0.5,435198228,latent+prefusion+distill+ce,False,3,cross,3,Acc,96.35,92.98,97.06,97.06,96.41,93.2,97.15,97.06,96.41,91.62,96.85,96.6,94.02,checkpoints/sft_evan_large_eurosat_vre_fft_lr0.0005_20260418_041229.pt,checkpoints/delulunet_eurosat_0421_1516.pt
eurosat,evan_large,swir,nir,0.000192,0.00353,120,0.322,0.283,0.296,0.5,435198228,latent+prefusion+distill+ce,False,3,cross,3,Acc,95.57,92.85,96.43,96.7,96.81,92.81,96.2,96.41,96.81,89.67,96.22,95.94,92.64,checkpoints/sft_evan_large_eurosat_swir_fft_lr0.0005_20260418_042950.pt,checkpoints/delulunet_eurosat_0421_1517.pt
eurosat,evan_large,vre,nir,0.000192,0.00353,120,0.322,0.283,0.296,0.5,435198228,latent+prefusion+distill+ce,False,3,cross,3,Acc,96.35,92.74,97.11,97.07,96.52,92.87,96.76,97.07,96.52,90.76,96.78,96.06,93.37,checkpoints/sft_evan_large_eurosat_vre_fft_lr0.0005_20260418_041229.pt,checkpoints/delulunet_eurosat_0421_1518.pt
eurosat,evan_large,vre,nir,0.000192,0.00353,120,0.322,0.283,0.296,0.5,435198228,latent+prefusion+distill+ce,False,3,cross,3,Acc,96.35,92.26,97.13,97.07,96.59,92.2,97.13,97.07,96.59,90.01,96.81,96.6,93.26,checkpoints/sft_evan_large_eurosat_vre_fft_lr0.0005_20260418_041229.pt,checkpoints/delulunet_eurosat_0421_1520.pt
eurosat,evan_base,swir,vre,0.000192,0.00353,120,0.322,0.283,0.296,0.5,150081812,latent+prefusion+distill+ce,False,3,cross,3,Acc,88.59,88.41,90.04,91.06,91.67,88.41,90.04,90.98,91.67,80.83,90.59,87.97,84.37,checkpoints/sft_evan_base_eurosat_swir_fft_lr0.0005_20260418_052634.pt,checkpoints/delulunet_eurosat_0421_1520.pt
eurosat,evan_large,swir,rgb,0.000192,0.00353,120,0.322,0.283,0.296,0.5,435722772,latent+prefusion+distill+ce,False,3,cross,3,Acc,95.57,96.3,96.54,96.69,97.22,96.31,96.48,96.74,97.22,92.37,96.37,95.51,93.87,checkpoints/sft_evan_large_eurosat_swir_fft_lr0.0005_20260418_042950.pt,checkpoints/delulunet_eurosat_0421_1522.pt
eurosat,evan_large,swir,vre,0.000192,0.00353,120,0.322,0.283,0.296,0.5,435722772,latent+prefusion+distill+ce,False,3,cross,3,Acc,95.57,96.28,96.3,96.67,96.81,96.28,96.3,96.63,96.81,93.33,96.04,95.25,94.29,checkpoints/sft_evan_large_eurosat_swir_fft_lr0.0005_20260418_042950.pt,checkpoints/delulunet_eurosat_0421_1523.pt
eurosat,evan_large,vre,rgb,0.000192,0.00353,120,0.322,0.283,0.296,0.5,435722772,latent+prefusion+distill+ce,False,3,cross,3,Acc,96.35,96.56,97.31,97.57,97.65,96.56,97.31,97.43,97.65,94.63,97.0,96.64,95.53,checkpoints/sft_evan_large_eurosat_vre_fft_lr0.0005_20260418_041229.pt,checkpoints/delulunet_eurosat_0421_1523.pt
eurosat,evan_large,vre,rgb,0.000192,0.00353,120,0.322,0.283,0.296,0.5,435722772,latent+prefusion+distill+ce,False,3,cross,3,Acc,96.35,96.44,97.06,97.57,97.31,96.44,96.87,97.33,97.31,94.84,97.07,96.39,95.49,checkpoints/sft_evan_large_eurosat_vre_fft_lr0.0005_20260418_041229.pt,checkpoints/delulunet_eurosat_0421_1525.pt
eurosat,evan_large,swir,vre,0.000192,0.00353,120,0.322,0.283,0.296,0.5,435722772,latent+prefusion+distill+ce,False,3,cross,3,Acc,95.57,95.8,96.2,96.67,96.98,95.8,96.2,96.67,96.98,93.41,96.3,95.23,94.32,checkpoints/sft_evan_large_eurosat_swir_fft_lr0.0005_20260418_042950.pt,checkpoints/delulunet_eurosat_0421_1527.pt
eurosat,evan_large,rgb,nir,0.000192,0.00353,120,0.322,0.283,0.296,0.5,435198228,latent+prefusion+distill+ce,False,3,cross,3,Acc,99.07,95.13,99.24,99.28,98.89,95.13,99.06,99.09,98.89,94.71,99.04,98.93,96.78,checkpoints/sft_evan_large_eurosat_rgb_fft_lr0.0005_20260418_035424.pt,checkpoints/delulunet_eurosat_0421_1529.pt
eurosat,evan_large,swir,nir,0.000192,0.00353,120,0.322,0.283,0.296,0.5,435198228,latent+prefusion+distill+ce,False,3,cross,3,Acc,95.57,91.81,96.44,96.56,96.69,92.37,96.44,96.56,96.69,89.44,96.44,96.12,92.78,checkpoints/sft_evan_large_eurosat_swir_fft_lr0.0005_20260418_042950.pt,checkpoints/delulunet_eurosat_0421_1530.pt
eurosat,evan_large,swir,rgb,0.000192,0.00353,120,0.322,0.283,0.296,0.5,435722772,latent+prefusion+distill+ce,False,3,cross,3,Acc,95.57,96.33,96.33,96.69,97.07,96.31,96.31,96.69,97.07,92.73,96.3,95.23,93.89,checkpoints/sft_evan_large_eurosat_swir_fft_lr0.0005_20260418_042950.pt,checkpoints/delulunet_eurosat_0421_1543.pt
eurosat,evan_large,swir,nir,0.000192,0.00353,120,0.322,0.283,0.296,0.5,435198228,latent+prefusion+distill+ce,False,3,cross,3,Acc,95.57,92.11,96.39,96.39,96.59,92.11,96.39,96.39,96.59,89.47,96.59,96.2,92.84,checkpoints/sft_evan_large_eurosat_swir_fft_lr0.0005_20260418_042950.pt,checkpoints/delulunet_eurosat_0421_1554.pt
benv2,evan_large,s2,s1,0.00015,0.000102,120,0.716,0.13,0.555,0.5,419464230,latent+prefusion+distill+ce,False,3,cross,3,mAP,64.99,55.2,65.49,65.29,65.42,55.2,65.14,65.63,65.42,46.18,71.87,69.76,57.19,checkpoints/sft_evan_large_benv2_s2_fft_lr0.001_20260418_053837.pt,checkpoints/delulunet_benv2_0421_1644.pt
benv2,evan_large,s2,s1,0.000168,0.00338,120,0.181,0.369,0.669,0.5,419464230,latent+prefusion+distill+ce,False,3,cross,3,mAP,64.99,55.27,66.88,66.87,65.01,55.27,66.31,66.87,65.01,46.88,71.13,70.5,58.69,checkpoints/sft_evan_large_benv2_s2_fft_lr0.001_20260418_053837.pt,checkpoints/delulunet_benv2_0421_1819.pt
benv2,evan_large,s2_rgb,s1,0.00015,0.000102,120,0.716,0.13,0.555,0.5,417104934,latent+prefusion+distill+ce,False,3,cross,3,mAP,65.91,55.93,66.32,66.53,66.12,55.93,66.6,66.82,66.12,46.51,73.68,70.77,57.69,checkpoints/sft_evan_large_benv2_s2_rgb_fft_lr0.001_20260418_063509.pt,checkpoints/delulunet_benv2_0421_1821.pt
benv2,evan_large,s2,s1,0.000192,0.00353,120,0.322,0.283,0.296,0.5,419464230,latent+prefusion+distill+ce,False,3,cross,3,mAP,64.99,53.41,65.59,65.66,64.2,53.41,66.39,66.46,64.2,45.77,72.05,70.72,57.54,checkpoints/sft_evan_large_benv2_s2_fft_lr0.001_20260418_053837.pt,checkpoints/delulunet_benv2_0421_1821.pt
benv2,evan_large,s2,s1,0.000229,0.000788,120,0.467,0.356,0.433,0.5,419464230,latent+prefusion+distill+ce,False,3,cross,3,mAP,64.99,55.61,65.7,65.74,64.83,55.98,65.65,65.74,64.83,47.84,71.67,68.56,57.92,checkpoints/sft_evan_large_benv2_s2_fft_lr0.001_20260418_053837.pt,checkpoints/delulunet_benv2_0421_1824.pt
benv2,evan_large,s2_rgb,s1,0.000229,0.000788,120,0.467,0.356,0.433,0.5,417104934,latent+prefusion+distill+ce,False,3,cross,3,mAP,65.91,57.39,66.68,66.92,66.22,55.82,67.34,66.71,66.22,47.04,73.31,71.49,58.85,checkpoints/sft_evan_large_benv2_s2_rgb_fft_lr0.001_20260418_063509.pt,checkpoints/delulunet_benv2_0421_1824.pt
benv2,evan_large,s1,s2,0.000192,0.00353,120,0.322,0.283,0.296,0.5,419464230,latent+prefusion+distill+ce,False,3,cross,3,mAP,51.5,52.79,51.71,52.22,54.62,53.3,53.75,52.22,54.62,38.59,57.08,53.74,46.03,checkpoints/sft_evan_large_benv2_s1_fft_lr0.001_20260418_054056.pt,checkpoints/delulunet_benv2_0421_1824.pt
benv2,evan_large,s2_rgb,s2_norgb,0.000229,0.000788,120,0.467,0.356,0.433,0.5,418939942,latent+prefusion+distill+ce,False,3,cross,3,mAP,65.91,64.25,65.91,66.05,65.44,64.25,66.47,66.61,65.44,63.53,73.17,70.93,66.59,checkpoints/sft_evan_large_benv2_s2_rgb_fft_lr0.001_20260418_063509.pt,checkpoints/delulunet_benv2_0421_1829.pt
benv2,evan_large,s2_rgb,s2_norgb,0.000192,0.00353,120,0.322,0.283,0.296,0.5,418939942,latent+prefusion+distill+ce,False,3,cross,3,mAP,65.91,64.99,66.4,66.8,66.33,64.99,67.56,67.17,66.33,64.63,73.71,71.72,68.03,checkpoints/sft_evan_large_benv2_s2_rgb_fft_lr0.001_20260418_063509.pt,checkpoints/delulunet_benv2_0421_1830.pt
benv2,evan_large,s1,s2_rgb,0.000168,0.00338,120,0.181,0.369,0.669,0.5,417104934,latent+prefusion+distill+ce,False,3,cross,3,mAP,51.5,51.18,52.42,52.67,54.06,50.37,51.96,52.67,54.06,36.35,57.08,54.51,45.34,checkpoints/sft_evan_large_benv2_s1_fft_lr0.001_20260418_054056.pt,checkpoints/delulunet_benv2_0421_1833.pt
benv2,evan_large,s1,s2,0.000168,0.00338,120,0.181,0.369,0.669,0.5,419464230,latent+prefusion+distill+ce,False,3,cross,3,mAP,51.5,53.07,52.81,53.15,55.03,53.07,52.92,52.15,55.03,38.35,56.59,54.29,46.3,checkpoints/sft_evan_large_benv2_s1_fft_lr0.001_20260418_054056.pt,checkpoints/delulunet_benv2_0421_1833.pt
benv2,evan_large,s1,s2_rgb,0.000229,0.000788,120,0.467,0.356,0.433,0.5,417104934,latent+prefusion+distill+ce,False,3,cross,3,mAP,51.5,50.85,52.05,52.79,54.14,51.21,52.54,50.62,54.14,36.14,56.49,52.64,43.97,checkpoints/sft_evan_large_benv2_s1_fft_lr0.001_20260418_054056.pt,checkpoints/delulunet_benv2_0421_1842.pt
benv2,evan_large,s1,s2,0.000229,0.000788,120,0.467,0.356,0.433,0.5,419464230,latent+prefusion+distill+ce,False,3,cross,3,mAP,51.5,53.32,51.61,52.77,54.78,53.32,52.75,52.6,54.78,39.39,56.55,52.6,45.91,checkpoints/sft_evan_large_benv2_s1_fft_lr0.001_20260418_054056.pt,checkpoints/delulunet_benv2_0421_1846.pt
benv2,evan_large,s2_rgb,s2_norgb,0.000168,0.00338,120,0.181,0.369,0.669,0.5,418939942,latent+prefusion+distill+ce,False,3,cross,3,mAP,65.91,64.53,67.22,67.23,66.25,65.04,67.26,67.23,66.25,63.77,72.84,72.47,67.85,checkpoints/sft_evan_large_benv2_s2_rgb_fft_lr0.001_20260418_063509.pt,checkpoints/delulunet_benv2_0421_1847.pt
benv2,evan_large,s2_rgb,s1,0.000168,0.00338,120,0.181,0.369,0.669,0.5,417104934,latent+prefusion+distill+ce,False,3,cross,3,mAP,65.91,56.69,67.51,67.55,66.24,56.69,67.21,67.43,66.24,47.23,72.89,72.27,59.66,checkpoints/sft_evan_large_benv2_s2_rgb_fft_lr0.001_20260418_063509.pt,checkpoints/delulunet_benv2_0421_1907.pt
benv2,evan_large,s1,s2_norgb,0.000168,0.00338,120,0.181,0.369,0.669,0.5,418677798,latent+prefusion+distill+ce,False,3,cross,3,mAP,51.5,53.53,51.57,52.0,55.08,53.53,53.16,52.43,55.08,38.17,57.12,54.32,46.07,checkpoints/sft_evan_large_benv2_s1_fft_lr0.001_20260418_054056.pt,checkpoints/delulunet_benv2_0421_1928.pt
eurosat,evan_base,rgb,vre,0.000168,0.00338,120,0.181,0.369,0.669,0.5,150081812,latent+prefusion+distill+ce,False,3,cross,3,Acc,98.63,91.07,98.85,98.93,98.57,91.07,98.85,98.85,98.57,90.84,98.81,98.74,94.75,checkpoints/sft_evan_base_eurosat_rgb_fft_lr0.0005_20260418_002329.pt,checkpoints/delulunet_eurosat_0421_1932.pt
eurosat,evan_base,rgb,vre,0.000192,0.00353,120,0.322,0.283,0.296,0.5,150081812,latent+prefusion+distill+ce,False,3,cross,3,Acc,98.63,92.93,98.63,98.69,98.48,92.93,98.63,98.69,98.48,91.77,98.56,98.41,95.09,checkpoints/sft_evan_base_eurosat_rgb_fft_lr0.0005_20260418_002329.pt,checkpoints/delulunet_eurosat_0421_1936.pt
eurosat,evan_base,rgb,nir,0.000229,0.000788,120,0.467,0.356,0.433,0.5,149885204,latent+prefusion+distill+ce,False,3,cross,3,Acc,98.63,86.54,98.85,98.87,98.39,86.54,98.91,98.87,98.39,84.72,98.81,98.74,91.73,checkpoints/sft_evan_base_eurosat_rgb_fft_lr0.0005_20260418_002329.pt,checkpoints/delulunet_eurosat_0421_1939.pt
eurosat,evan_base,vre,nir,0.000229,0.000788,120,0.467,0.356,0.433,0.5,149885204,latent+prefusion+distill+ce,False,3,cross,3,Acc,90.67,76.35,91.22,91.28,90.81,76.22,91.26,91.31,90.81,68.86,91.07,90.4,79.63,checkpoints/sft_evan_base_eurosat_vre_fft_lr0.0005_20260418_051940.pt,checkpoints/delulunet_eurosat_0421_1942.pt
eurosat,evan_base,vre,rgb,0.000168,0.00338,120,0.181,0.369,0.669,0.5,150081812,latent+prefusion+distill+ce,False,3,cross,3,Acc,90.67,90.02,91.5,92.17,92.81,90.11,91.67,92.13,92.81,82.2,91.19,90.03,85.9,checkpoints/sft_evan_base_eurosat_vre_fft_lr0.0005_20260418_051940.pt,checkpoints/delulunet_eurosat_0421_1944.pt
eurosat,evan_base,vre,rgb,0.000192,0.00353,120,0.322,0.283,0.296,0.5,150081812,latent+prefusion+distill+ce,False,3,cross,3,Acc,90.67,89.94,92.06,92.69,92.46,89.94,92.24,92.69,92.46,83.08,91.44,89.51,86.29,checkpoints/sft_evan_base_eurosat_vre_fft_lr0.0005_20260418_051940.pt,checkpoints/delulunet_eurosat_0421_1946.pt
benv2,evan_large,s1,s2_rgb,0.00015,0.000102,120,0.716,0.13,0.555,0.5,417104934,latent+prefusion+distill+ce,False,3,cross,3,mAP,51.5,51.43,53.75,55.39,55.56,50.21,53.75,51.54,55.56,36.06,57.05,50.54,42.51,checkpoints/sft_evan_large_benv2_s1_fft_lr0.001_20260418_054056.pt,checkpoints/delulunet_benv2_0421_1947.pt
eurosat,evan_base,rgb,nir,0.000168,0.00338,120,0.181,0.369,0.669,0.5,149885204,latent+prefusion+distill+ce,False,3,cross,3,Acc,98.63,80.24,98.76,98.76,98.44,80.11,98.67,98.74,98.44,79.09,98.74,98.59,88.8,checkpoints/sft_evan_base_eurosat_rgb_fft_lr0.0005_20260418_002329.pt,checkpoints/delulunet_eurosat_0421_1950.pt
eurosat,evan_base,rgb,nir,0.00015,0.000102,120,0.716,0.13,0.555,0.5,149885204,latent+prefusion+distill+ce,False,3,cross,3,Acc,98.63,81.31,98.96,99.0,98.85,81.31,98.89,98.93,98.85,79.59,98.93,98.74,89.06,checkpoints/sft_evan_base_eurosat_rgb_fft_lr0.0005_20260418_002329.pt,checkpoints/delulunet_eurosat_0421_1954.pt
eurosat,evan_base,swir,rgb,0.000229,0.000788,120,0.467,0.356,0.433,0.5,150081812,latent+prefusion+distill+ce,False,3,cross,3,Acc,88.59,90.39,89.76,90.81,92.35,90.98,89.83,90.81,92.35,81.33,91.04,88.7,84.71,checkpoints/sft_evan_base_eurosat_swir_fft_lr0.0005_20260418_052634.pt,checkpoints/delulunet_eurosat_0421_1958.pt
eurosat,evan_base,rgb,nir,0.000192,0.00353,120,0.322,0.283,0.296,0.5,149885204,latent+prefusion+distill+ce,False,3,cross,3,Acc,98.63,78.85,98.65,98.67,97.96,78.85,98.61,98.67,97.96,76.84,98.63,98.41,87.6,checkpoints/sft_evan_base_eurosat_rgb_fft_lr0.0005_20260418_002329.pt,checkpoints/delulunet_eurosat_0421_1959.pt
eurosat,evan_base,vre,nir,0.00015,0.000102,120,0.716,0.13,0.555,0.5,149885204,latent+prefusion+distill+ce,False,3,cross,3,Acc,90.67,72.56,92.09,91.93,92.07,74.41,92.09,91.87,92.07,67.27,91.33,90.25,78.55,checkpoints/sft_evan_base_eurosat_vre_fft_lr0.0005_20260418_051940.pt,checkpoints/delulunet_eurosat_0421_2000.pt
eurosat,evan_base,vre,nir,0.000192,0.00353,120,0.322,0.283,0.296,0.5,149885204,latent+prefusion+distill+ce,False,3,cross,3,Acc,90.67,74.54,91.52,91.7,91.61,74.54,91.67,91.7,91.61,67.9,91.67,90.99,79.44,checkpoints/sft_evan_base_eurosat_vre_fft_lr0.0005_20260418_051940.pt,checkpoints/delulunet_eurosat_0421_2001.pt
eurosat,evan_base,rgb,vre,0.000229,0.000788,120,0.467,0.356,0.433,0.5,150081812,latent+prefusion+distill+ce,False,3,cross,3,Acc,98.63,96.76,98.8,98.83,98.78,96.87,98.81,98.85,98.78,96.07,98.78,98.63,97.31,checkpoints/sft_evan_base_eurosat_rgb_fft_lr0.0005_20260418_002329.pt,checkpoints/delulunet_eurosat_0421_2002.pt
eurosat,evan_base,vre,rgb,0.000229,0.000788,120,0.467,0.356,0.433,0.5,150081812,latent+prefusion+distill+ce,False,3,cross,3,Acc,90.67,90.5,91.37,91.39,92.44,90.5,91.3,91.59,92.44,83.35,90.96,90.18,86.73,checkpoints/sft_evan_base_eurosat_vre_fft_lr0.0005_20260418_051940.pt,checkpoints/delulunet_eurosat_0421_2002.pt
eurosat,evan_base,vre,rgb,0.00015,0.000102,120,0.716,0.13,0.555,0.5,150081812,latent+prefusion+distill+ce,False,3,cross,3,Acc,90.67,89.96,91.78,91.81,92.76,89.96,91.85,91.94,92.76,82.17,91.44,90.19,85.86,checkpoints/sft_evan_base_eurosat_vre_fft_lr0.0005_20260418_051940.pt,checkpoints/delulunet_eurosat_0421_2004.pt
eurosat,evan_base,swir,rgb,0.000168,0.00338,120,0.181,0.369,0.669,0.5,150081812,latent+prefusion+distill+ce,False,3,cross,3,Acc,88.59,90.39,89.59,90.69,91.67,90.39,89.63,90.78,91.67,80.13,90.59,88.67,84.35,checkpoints/sft_evan_base_eurosat_swir_fft_lr0.0005_20260418_052634.pt,checkpoints/delulunet_eurosat_0421_2009.pt
eurosat,evan_base,swir,rgb,0.000192,0.00353,120,0.322,0.283,0.296,0.5,150081812,latent+prefusion+distill+ce,False,3,cross,3,Acc,88.59,90.41,89.63,90.8,91.83,90.41,89.63,90.61,91.83,80.29,90.78,87.64,83.8,checkpoints/sft_evan_base_eurosat_swir_fft_lr0.0005_20260418_052634.pt,checkpoints/delulunet_eurosat_0421_2011.pt
eurosat,evan_base,swir,vre,0.000192,0.00353,120,0.322,0.283,0.296,0.5,150081812,latent+prefusion+distill+ce,False,3,cross,3,Acc,88.59,89.43,89.93,91.07,91.59,89.43,89.93,91.11,91.59,81.7,90.78,87.78,84.63,checkpoints/sft_evan_base_eurosat_swir_fft_lr0.0005_20260418_052634.pt,checkpoints/delulunet_eurosat_0421_2012.pt
eurosat,evan_base,swir,vre,0.000229,0.000788,120,0.467,0.356,0.433,0.5,150081812,latent+prefusion+distill+ce,False,3,cross,3,Acc,88.59,89.33,90.22,90.93,91.35,89.33,90.22,90.93,91.35,82.13,91.33,89.0,85.57,checkpoints/sft_evan_base_eurosat_swir_fft_lr0.0005_20260418_052634.pt,checkpoints/delulunet_eurosat_0421_2014.pt
eurosat,evan_base,swir,vre,0.00015,0.000102,120,0.716,0.13,0.555,0.5,150081812,latent+prefusion+distill+ce,False,3,cross,3,Acc,88.59,88.26,89.8,90.3,91.11,88.48,89.78,90.31,91.11,79.89,90.59,88.91,84.09,checkpoints/sft_evan_base_eurosat_swir_fft_lr0.0005_20260418_052634.pt,checkpoints/delulunet_eurosat_0421_2016.pt
eurosat,evan_base,rgb,vre,0.00015,0.000102,120,0.716,0.13,0.555,0.5,150081812,latent+prefusion+distill+ce,False,3,cross,3,Acc,98.63,91.57,98.91,99.02,98.87,91.57,98.8,98.87,98.87,90.77,98.89,98.63,94.64,checkpoints/sft_evan_base_eurosat_rgb_fft_lr0.0005_20260418_002329.pt,checkpoints/delulunet_eurosat_0421_2016.pt
eurosat,evan_base,swir,nir,0.000192,0.00353,120,0.322,0.283,0.296,0.5,149885204,latent+prefusion+distill+ce,False,3,cross,3,Acc,88.59,73.04,90.02,90.31,90.61,73.04,90.02,90.28,90.61,64.81,90.48,88.48,76.57,checkpoints/sft_evan_base_eurosat_swir_fft_lr0.0005_20260418_052634.pt,checkpoints/delulunet_eurosat_0421_2017.pt
eurosat,evan_base,swir,rgb,0.00015,0.000102,120,0.716,0.13,0.555,0.5,150081812,latent+prefusion+distill+ce,False,3,cross,3,Acc,88.59,89.31,89.74,90.39,91.81,89.31,89.72,90.46,91.81,78.62,90.56,88.69,83.58,checkpoints/sft_evan_base_eurosat_swir_fft_lr0.0005_20260418_052634.pt,checkpoints/delulunet_eurosat_0421_2025.pt
eurosat,evan_base,vre,nir,0.000168,0.00338,120,0.181,0.369,0.669,0.5,149885204,latent+prefusion+distill+ce,False,3,cross,3,Acc,90.67,74.61,91.35,91.37,91.83,74.61,91.65,91.57,91.83,67.5,91.15,90.26,78.71,checkpoints/sft_evan_base_eurosat_vre_fft_lr0.0005_20260418_051940.pt,checkpoints/delulunet_eurosat_0421_2039.pt
eurosat,evan_base,swir,vre,0.000168,0.00338,120,0.181,0.369,0.669,0.5,150081812,latent+prefusion+distill+ce,False,3,cross,3,Acc,88.59,89.35,89.78,90.59,91.07,89.24,90.0,90.59,91.07,81.0,90.22,88.38,84.61,checkpoints/sft_evan_base_eurosat_swir_fft_lr0.0005_20260418_052634.pt,checkpoints/delulunet_eurosat_0421_2044.pt
eurosat,evan_large,rgb,nir,0.000192,0.00353,120,0.322,0.283,0.296,0.5,417086484,latent+prefusion+distill+ce,False,3,cross,3,Acc,99.07,85.91,99.06,99.13,98.87,85.91,98.89,98.96,98.87,86.31,99.15,99.11,92.62,checkpoints/sft_evan_large_eurosat_rgb_fft_lr0.0005_20260418_035424.pt,checkpoints/delulunet_eurosat_0422_0142.pt
eurosat,evan_large,rgb,nir,0.000229,0.000788,120,0.467,0.356,0.433,0.5,417086484,latent+prefusion+distill+ce,False,3,cross,3,Acc,99.07,97.04,99.15,99.19,99.02,97.04,99.24,99.26,99.02,96.32,99.11,99.07,97.68,checkpoints/sft_evan_large_eurosat_rgb_fft_lr0.0005_20260418_035424.pt,checkpoints/delulunet_eurosat_0422_0147.pt
eurosat,evan_large,vre,rgb,0.000192,0.00353,120,0.322,0.283,0.296,0.5,417348628,latent+prefusion+distill+ce,False,3,cross,3,Acc,96.35,96.44,96.98,97.28,97.24,96.46,97.22,97.28,97.24,94.77,97.04,96.5,95.6,checkpoints/sft_evan_large_eurosat_vre_fft_lr0.0005_20260418_041229.pt,checkpoints/delulunet_eurosat_0422_0154.pt
eurosat,evan_large,rgb,vre,0.000192,0.00353,120,0.322,0.283,0.296,0.5,417348628,latent+prefusion+distill+ce,False,3,cross,3,Acc,99.07,96.78,99.15,99.17,99.13,96.78,99.15,99.15,99.13,96.58,98.89,98.85,97.68,checkpoints/sft_evan_large_eurosat_rgb_fft_lr0.0005_20260418_035424.pt,checkpoints/delulunet_eurosat_0422_0154.pt
eurosat,evan_large,vre,nir,0.000192,0.00353,120,0.322,0.283,0.296,0.5,417086484,latent+prefusion+distill+ce,False,3,cross,3,Acc,96.35,92.13,96.93,97.09,96.61,92.11,97.0,97.09,96.61,90.23,96.78,96.42,93.16,checkpoints/sft_evan_large_eurosat_vre_fft_lr0.0005_20260418_041229.pt,checkpoints/delulunet_eurosat_0422_0154.pt
eurosat,evan_large,vre,rgb,0.000229,0.000788,120,0.467,0.356,0.433,0.5,417348628,latent+prefusion+distill+ce,False,3,cross,3,Acc,96.35,96.57,96.98,97.02,97.3,96.7,96.87,96.96,97.3,94.63,96.85,96.35,95.47,checkpoints/sft_evan_large_eurosat_vre_fft_lr0.0005_20260418_041229.pt,checkpoints/delulunet_eurosat_0422_0157.pt
eurosat,evan_large,rgb,nir,0.000192,0.00353,120,0.322,0.283,0.296,0.5,417086484,latent+prefusion+distill+ce,False,3,cross,3,Acc,99.07,95.8,99.17,99.17,99.04,95.8,99.19,99.2,99.04,95.55,99.04,99.0,97.26,checkpoints/sft_evan_large_eurosat_rgb_fft_lr0.0005_20260418_035424.pt,checkpoints/delulunet_eurosat_0422_0157.pt
eurosat,evan_large,vre,nir,0.000229,0.000788,120,0.467,0.356,0.433,0.5,417086484,latent+prefusion+distill+ce,False,3,cross,3,Acc,96.35,93.2,96.89,96.91,96.48,93.2,96.8,96.8,96.48,91.37,96.59,96.49,93.93,checkpoints/sft_evan_large_eurosat_vre_fft_lr0.0005_20260418_041229.pt,checkpoints/delulunet_eurosat_0422_0158.pt
eurosat,evan_large,rgb,vre,0.000192,0.00353,120,0.322,0.283,0.296,0.5,417348628,latent+prefusion+distill+ce,False,3,cross,3,Acc,99.07,96.02,99.13,99.13,99.11,96.02,98.91,98.98,99.11,96.1,99.04,98.96,97.48,checkpoints/sft_evan_large_eurosat_rgb_fft_lr0.0005_20260418_035424.pt,checkpoints/delulunet_eurosat_0422_0200.pt
eurosat,evan_large,vre,rgb,0.000192,0.00353,120,0.322,0.283,0.296,0.5,417348628,latent+prefusion+distill+ce,False,3,cross,3,Acc,96.35,96.76,97.07,97.33,97.41,96.7,97.07,97.33,97.41,94.88,97.22,96.75,95.8,checkpoints/sft_evan_large_eurosat_vre_fft_lr0.0005_20260418_041229.pt,checkpoints/delulunet_eurosat_0422_0203.pt
eurosat,evan_large,rgb,nir,0.000192,0.00353,120,0.322,0.283,0.296,0.5,417086484,latent+prefusion+distill+ce,False,3,cross,3,Acc,99.07,95.24,99.09,99.13,98.81,95.24,98.7,99.0,98.81,94.61,98.74,98.67,96.53,checkpoints/sft_evan_large_eurosat_rgb_fft_lr0.0005_20260418_035424.pt,checkpoints/delulunet_eurosat_0422_0204.pt
eurosat,evan_large,rgb,vre,0.000192,0.00353,120,0.322,0.283,0.296,0.5,417348628,latent+prefusion+distill+ce,False,3,cross,3,Acc,99.07,96.07,99.2,99.24,99.11,96.07,98.74,98.89,99.11,95.96,98.81,98.81,97.33,checkpoints/sft_evan_large_eurosat_rgb_fft_lr0.0005_20260418_035424.pt,checkpoints/delulunet_eurosat_0422_0204.pt
eurosat,evan_large,vre,rgb,0.000192,0.00353,120,0.322,0.283,0.296,0.5,417348628,latent+prefusion+distill+ce,False,3,cross,3,Acc,96.35,96.48,97.17,97.31,97.17,96.48,97.17,97.46,97.17,94.85,97.19,96.71,95.71,checkpoints/sft_evan_large_eurosat_vre_fft_lr0.0005_20260418_041229.pt,checkpoints/delulunet_eurosat_0422_0219.pt
eurosat,evan_large,vre,nir,0.000192,0.00353,120,0.322,0.283,0.296,0.5,417086484,latent+prefusion+distill+ce,False,3,cross,3,Acc,96.35,92.31,96.98,97.11,96.59,92.48,97.02,97.11,96.59,90.5,97.19,96.53,93.48,checkpoints/sft_evan_large_eurosat_vre_fft_lr0.0005_20260418_041229.pt,checkpoints/delulunet_eurosat_0422_0222.pt
eurosat,evan_large,swir,rgb,0.000229,0.000788,120,0.467,0.356,0.433,0.5,417348628,latent+prefusion+distill+ce,False,3,cross,3,Acc,95.57,96.89,96.35,96.46,97.06,96.89,96.35,96.5,97.06,93.41,96.44,96.16,94.73,checkpoints/sft_evan_large_eurosat_swir_fft_lr0.0005_20260418_042950.pt,checkpoints/delulunet_eurosat_0422_0436.pt
eurosat,evan_large,swir,vre,0.000192,0.00353,120,0.322,0.283,0.296,0.5,417348628,latent+prefusion+distill+ce,False,3,cross,3,Acc,95.57,96.3,96.52,96.94,97.04,96.3,96.43,96.94,97.04,93.51,96.3,95.51,94.51,checkpoints/sft_evan_large_eurosat_swir_fft_lr0.0005_20260418_042950.pt,checkpoints/delulunet_eurosat_0422_0444.pt
eurosat,evan_large,swir,nir,0.000229,0.000788,120,0.467,0.356,0.433,0.5,417086484,latent+prefusion+distill+ce,False,3,cross,3,Acc,95.57,94.09,96.26,96.52,96.94,94.13,96.37,96.52,96.94,90.59,96.48,96.08,93.32,checkpoints/sft_evan_large_eurosat_swir_fft_lr0.0005_20260418_042950.pt,checkpoints/delulunet_eurosat_0422_0447.pt
eurosat,evan_large,swir,vre,0.000192,0.00353,120,0.322,0.283,0.296,0.5,417348628,latent+prefusion+distill+ce,False,3,cross,3,Acc,95.57,96.31,96.39,96.67,96.67,96.31,96.65,96.67,96.67,93.3,96.15,95.01,94.15,checkpoints/sft_evan_large_eurosat_swir_fft_lr0.0005_20260418_042950.pt,checkpoints/delulunet_eurosat_0422_0451.pt
eurosat,evan_large,swir,nir,0.000192,0.00353,120,0.322,0.283,0.296,0.5,417086484,latent+prefusion+distill+ce,False,3,cross,3,Acc,95.57,92.96,96.35,96.39,96.63,92.96,96.3,96.33,96.63,90.09,96.44,95.91,92.96,checkpoints/sft_evan_large_eurosat_swir_fft_lr0.0005_20260418_042950.pt,checkpoints/delulunet_eurosat_0422_0501.pt
eurosat,evan_large,vre,nir,0.000192,0.00353,120,0.322,0.283,0.296,0.5,417086484,latent+prefusion+distill+ce,False,3,cross,3,Acc,96.35,92.93,97.02,97.02,96.74,92.94,97.31,97.02,96.74,91.3,96.89,96.56,93.91,checkpoints/sft_evan_large_eurosat_vre_fft_lr0.0005_20260418_041229.pt,checkpoints/delulunet_eurosat_0422_0508.pt
eurosat,evan_large,swir,nir,0.000192,0.00353,120,0.322,0.283,0.296,0.5,417086484,latent+prefusion+distill+ce,False,3,cross,3,Acc,95.57,93.44,96.48,96.61,96.72,93.44,96.52,96.7,96.72,89.56,96.04,95.15,92.28,checkpoints/sft_evan_large_eurosat_swir_fft_lr0.0005_20260418_042950.pt,checkpoints/delulunet_eurosat_0422_0508.pt
eurosat,evan_large,swir,vre,0.000192,0.00353,120,0.322,0.283,0.296,0.5,417348628,latent+prefusion+distill+ce,False,3,cross,3,Acc,95.57,96.11,96.35,96.93,96.83,96.11,96.35,96.93,96.83,92.87,96.3,95.23,94.05,checkpoints/sft_evan_large_eurosat_swir_fft_lr0.0005_20260418_042950.pt,checkpoints/delulunet_eurosat_0422_0508.pt
eurosat,evan_large,swir,rgb,0.000192,0.00353,120,0.322,0.283,0.296,0.5,417348628,latent+prefusion+distill+ce,False,3,cross,3,Acc,95.57,96.43,96.41,96.54,97.2,96.43,96.37,96.54,97.2,93.23,96.22,95.58,94.26,checkpoints/sft_evan_large_eurosat_swir_fft_lr0.0005_20260418_042950.pt,checkpoints/delulunet_eurosat_0422_0511.pt
eurosat,evan_large,swir,nir,0.000192,0.00353,120,0.322,0.283,0.296,0.5,417086484,latent+prefusion+distill+ce,False,3,cross,3,Acc,95.57,92.74,96.46,96.56,96.7,92.83,96.44,96.56,96.7,89.69,96.44,95.91,92.78,checkpoints/sft_evan_large_eurosat_swir_fft_lr0.0005_20260418_042950.pt,checkpoints/delulunet_eurosat_0422_0514.pt
eurosat,evan_large,swir,rgb,0.000192,0.00353,120,0.322,0.283,0.296,0.5,417348628,latent+prefusion+distill+ce,False,3,cross,3,Acc,95.57,96.65,96.35,96.85,97.13,96.52,96.35,96.85,97.13,92.73,96.22,95.22,93.96,checkpoints/sft_evan_large_eurosat_swir_fft_lr0.0005_20260418_042950.pt,checkpoints/delulunet_eurosat_0422_0517.pt
eurosat,evan_large,swir,vre,0.000229,0.000788,120,0.467,0.356,0.433,0.5,417348628,latent+prefusion+distill+ce,False,3,cross,3,Acc,95.57,96.24,95.78,96.24,96.57,96.26,95.7,96.24,96.57,93.41,96.11,95.36,94.35,checkpoints/sft_evan_large_eurosat_swir_fft_lr0.0005_20260418_042950.pt,checkpoints/delulunet_eurosat_0422_0533.pt
eurosat,evan_large,swir,rgb,0.000192,0.00353,120,0.322,0.283,0.296,0.5,417348628,latent+prefusion+distill+ce,False,3,cross,3,Acc,95.57,96.39,96.2,96.52,96.85,96.39,96.24,96.52,96.85,92.8,96.3,95.22,94.01,checkpoints/sft_evan_large_eurosat_swir_fft_lr0.0005_20260418_042950.pt,checkpoints/delulunet_eurosat_0422_0546.pt
eurosat,evan_base,rgb,vre,0.000229,0.000788,120,0.467,0.356,0.433,0.5,150081812,latent+prefusion+distill+ce,False,3,cross,3,Acc,98.63,96.65,98.83,98.85,98.8,96.59,98.81,98.85,98.8,96.03,98.89,98.85,97.41,checkpoints/sft_evan_base_eurosat_rgb_fft_lr0.0005_20260418_002329.pt,checkpoints/delulunet_eurosat_0424_0351.pt
eurosat,evan_base,rgb,swir,0.000229,0.000788,120,0.467,0.356,0.433,0.5,150081812,latent+prefusion+distill+ce,False,3,cross,3,Acc,98.63,94.91,98.91,98.93,98.74,95.11,98.91,98.93,98.74,94.39,98.93,98.89,96.62,checkpoints/sft_evan_base_eurosat_rgb_fft_lr0.0005_20260418_002329.pt,checkpoints/delulunet_eurosat_0424_0355.pt
eurosat,evan_base,rgb,vre,0.000192,0.00353,120,0.322,0.283,0.296,0.5,150081812,latent+prefusion+distill+ce,False,3,cross,3,Acc,98.63,93.94,98.72,98.81,98.57,93.96,98.72,98.81,98.57,92.64,98.7,98.45,95.54,checkpoints/sft_evan_base_eurosat_rgb_fft_lr0.0005_20260418_002329.pt,checkpoints/delulunet_eurosat_0424_0358.pt
eurosat,evan_base,rgb,swir,0.000192,0.00353,120,0.322,0.283,0.296,0.5,150081812,latent+prefusion+distill+ce,False,3,cross,3,Acc,98.63,90.15,98.69,98.57,98.09,90.15,98.59,98.63,98.09,89.61,98.67,98.3,93.96,checkpoints/sft_evan_base_eurosat_rgb_fft_lr0.0005_20260418_002329.pt,checkpoints/delulunet_eurosat_0424_0359.pt
eurosat,evan_base,rgb,swir,0.000192,0.00353,120,0.322,0.283,0.296,0.5,150081812,latent+prefusion+distill+ce,False,3,cross,3,Acc,98.63,89.54,98.59,98.65,98.11,89.54,98.48,98.65,98.11,89.0,98.63,98.37,93.59,checkpoints/sft_evan_base_eurosat_rgb_fft_lr0.0005_20260418_002329.pt,checkpoints/delulunet_eurosat_0424_0400.pt
eurosat,evan_base,rgb,swir,0.000192,0.00353,120,0.322,0.283,0.296,0.5,150081812,latent+prefusion+distill+ce,False,3,cross,3,Acc,98.63,89.22,98.81,98.78,98.33,89.39,98.69,98.85,98.33,89.14,98.67,98.52,93.79,checkpoints/sft_evan_base_eurosat_rgb_fft_lr0.0005_20260418_002329.pt,checkpoints/delulunet_eurosat_0424_0405.pt
eurosat,evan_base,rgb,vre,0.000192,0.00353,120,0.322,0.283,0.296,0.5,150081812,latent+prefusion+distill+ce,False,3,cross,3,Acc,98.63,93.76,98.7,98.78,98.54,93.89,98.57,98.78,98.54,92.49,98.67,98.59,95.51,checkpoints/sft_evan_base_eurosat_rgb_fft_lr0.0005_20260418_002329.pt,checkpoints/delulunet_eurosat_0424_0408.pt
eurosat,evan_base,rgb,nir,0.000229,0.000788,120,0.467,0.356,0.433,0.5,149885204,latent+prefusion+distill+ce,False,3,cross,3,Acc,98.63,84.06,98.94,98.91,98.67,84.06,98.83,98.93,98.67,83.42,98.81,98.74,90.99,checkpoints/sft_evan_base_eurosat_rgb_fft_lr0.0005_20260418_002329.pt,checkpoints/delulunet_eurosat_0424_0408.pt
eurosat,evan_base,rgb,vre,0.000192,0.00353,120,0.322,0.283,0.296,0.5,150081812,latent+prefusion+distill+ce,False,3,cross,3,Acc,98.63,93.41,98.72,98.8,98.48,93.41,98.7,98.8,98.48,92.19,98.78,98.67,95.39,checkpoints/sft_evan_base_eurosat_rgb_fft_lr0.0005_20260418_002329.pt,checkpoints/delulunet_eurosat_0424_0414.pt
eurosat,evan_base,rgb,nir,0.000192,0.00353,120,0.322,0.283,0.296,0.5,149885204,latent+prefusion+distill+ce,False,3,cross,3,Acc,98.63,81.2,98.74,98.76,98.04,81.28,98.56,98.76,98.04,79.91,98.63,98.34,89.1,checkpoints/sft_evan_base_eurosat_rgb_fft_lr0.0005_20260418_002329.pt,checkpoints/delulunet_eurosat_0424_0433.pt
eurosat,evan_base,rgb,nir,0.000192,0.00353,120,0.322,0.283,0.296,0.5,149885204,latent+prefusion+distill+ce,False,3,cross,3,Acc,98.63,79.07,98.65,98.7,98.07,79.07,98.67,98.78,98.07,78.72,98.7,98.34,88.51,checkpoints/sft_evan_base_eurosat_rgb_fft_lr0.0005_20260418_002329.pt,checkpoints/delulunet_eurosat_0424_0435.pt
eurosat,evan_base,rgb,nir,0.000192,0.00353,120,0.322,0.283,0.296,0.5,149885204,latent+prefusion+distill+ce,False,3,cross,3,Acc,98.63,79.65,98.72,98.76,98.04,80.24,98.54,98.76,98.04,79.26,98.81,98.52,88.83,checkpoints/sft_evan_base_eurosat_rgb_fft_lr0.0005_20260418_002329.pt,checkpoints/delulunet_eurosat_0424_0615.pt
eurosat,evan_base,rgb,vre,0.000192,0.00353,120,0.322,0.283,0.296,0.5,150081812,latent+prefusion+distill+ce,False,3,cross,3,Acc,98.63,93.37,98.5,98.69,98.59,93.37,98.54,98.67,98.59,92.01,98.74,98.67,95.27,checkpoints/sft_evan_base_eurosat_rgb_fft_lr0.0005_20260418_002329.pt,checkpoints/delulunet_eurosat_0424_0857.pt
eurosat,evan_base,rgb,swir,0.000168,0.00338,120,0.181,0.369,0.669,0.5,150081812,latent+prefusion+distill+ce,False,3,cross,3,Acc,98.63,89.89,98.81,98.81,98.52,89.89,98.76,98.83,98.52,89.42,98.74,98.63,94.0,checkpoints/sft_evan_base_eurosat_rgb_fft_lr0.0005_20260418_002329.pt,checkpoints/delulunet_eurosat_0424_0901.pt
eurosat,evan_base,rgb,swir,0.000229,0.000788,120,0.467,0.356,0.433,0.5,150081812,latent+prefusion+distill+ce,False,3,cross,3,Acc,98.63,94.76,98.85,98.91,98.78,94.76,98.85,98.87,98.78,94.68,98.89,98.85,96.75,checkpoints/sft_evan_base_eurosat_rgb_fft_lr0.0005_20260418_002329.pt,checkpoints/delulunet_eurosat_0424_0903.pt
eurosat,evan_base,rgb,vre,0.00015,0.000102,120,0.716,0.13,0.555,0.5,150081812,latent+prefusion+distill+ce,False,3,cross,3,Acc,98.63,90.63,98.83,98.87,98.87,90.63,98.83,98.91,98.87,89.25,99.0,98.82,94.01,checkpoints/sft_evan_base_eurosat_rgb_fft_lr0.0005_20260418_002329.pt,checkpoints/delulunet_eurosat_0424_0903.pt
eurosat,evan_base,rgb,swir,0.000192,0.00353,120,0.322,0.283,0.296,0.5,150081812,latent+prefusion+distill+ce,False,3,cross,3,Acc,98.63,90.72,98.65,98.72,98.0,90.72,98.69,98.78,98.0,90.23,98.63,98.37,94.23,checkpoints/sft_evan_base_eurosat_rgb_fft_lr0.0005_20260418_002329.pt,checkpoints/delulunet_eurosat_0424_0906.pt
eurosat,evan_base,rgb,vre,0.000168,0.00338,120,0.181,0.369,0.669,0.5,150081812,latent+prefusion+distill+ce,False,3,cross,3,Acc,98.63,91.44,98.8,98.89,98.69,91.44,98.69,98.83,98.69,90.66,98.89,98.78,94.64,checkpoints/sft_evan_base_eurosat_rgb_fft_lr0.0005_20260418_002329.pt,checkpoints/delulunet_eurosat_0424_0913.pt
eurosat,evan_base,rgb,swir,0.00015,0.000102,120,0.716,0.13,0.555,0.5,150081812,latent+prefusion+distill+ce,False,3,cross,3,Acc,98.63,90.06,98.87,98.94,98.91,90.06,98.91,98.98,98.91,89.3,98.85,98.71,93.95,checkpoints/sft_evan_base_eurosat_rgb_fft_lr0.0005_20260418_002329.pt,checkpoints/delulunet_eurosat_0424_0917.pt
eurosat,evan_base,rgb,vre,0.000229,0.000788,120,0.467,0.356,0.433,0.5,150081812,latent+prefusion+distill+ce,False,3,cross,3,Acc,98.63,96.93,98.94,99.02,98.87,96.93,98.83,98.91,98.87,96.33,98.81,98.78,97.55,checkpoints/sft_evan_base_eurosat_rgb_fft_lr0.0005_20260418_002329.pt,checkpoints/delulunet_eurosat_0424_0924.pt
eurosat,evan_base,rgb,nir,0.000192,0.00353,120,0.322,0.283,0.296,0.5,149885204,latent+prefusion+distill+ce,False,3,cross,3,Acc,98.63,80.11,98.54,98.72,98.13,80.11,98.54,98.72,98.13,78.94,98.63,98.26,88.6,checkpoints/sft_evan_base_eurosat_rgb_fft_lr0.0005_20260418_002329.pt,checkpoints/delulunet_eurosat_0424_0924.pt
eurosat,evan_base,rgb,nir,0.000168,0.00338,120,0.181,0.369,0.669,0.5,149885204,latent+prefusion+distill+ce,False,3,cross,3,Acc,98.63,81.5,98.76,98.74,98.63,81.5,98.85,98.83,98.63,80.18,98.74,98.63,89.35,checkpoints/sft_evan_base_eurosat_rgb_fft_lr0.0005_20260418_002329.pt,checkpoints/delulunet_eurosat_0424_0930.pt
eurosat,evan_base,rgb,nir,0.00015,0.000102,120,0.716,0.13,0.555,0.5,149885204,latent+prefusion+distill+ce,False,3,cross,3,Acc,98.63,79.44,98.89,98.89,98.93,79.44,98.89,98.93,98.93,78.29,98.81,98.6,88.39,checkpoints/sft_evan_base_eurosat_rgb_fft_lr0.0005_20260418_002329.pt,checkpoints/delulunet_eurosat_0424_0937.pt
eurosat,evan_base,rgb,nir,0.000229,0.000788,120,0.467,0.356,0.433,0.5,149885204,latent+prefusion+distill+ce,False,3,cross,3,Acc,98.63,89.41,98.93,98.93,98.52,89.43,98.8,98.91,98.52,88.86,98.93,98.82,93.75,checkpoints/sft_evan_base_eurosat_rgb_fft_lr0.0005_20260418_002329.pt,checkpoints/delulunet_eurosat_0424_1119.pt
eurosat,evan_large,rgb,swir,0.000229,0.000788,120,0.467,0.356,0.433,0.5,417348628,latent+prefusion+distill+ce,False,3,cross,3,Acc,99.07,97.3,99.2,99.22,99.0,97.31,99.13,99.11,99.0,96.87,99.0,99.0,97.92,checkpoints/sft_evan_large_eurosat_rgb_fft_lr0.0005_20260418_035424.pt,checkpoints/delulunet_eurosat_0424_1626.pt
eurosat,evan_large,rgb,vre,0.000229,0.000788,120,0.467,0.356,0.433,0.5,417348628,latent+prefusion+distill+ce,False,3,cross,3,Acc,99.07,98.3,99.19,99.26,99.13,98.15,99.04,99.2,99.13,97.94,99.07,98.96,98.43,checkpoints/sft_evan_large_eurosat_rgb_fft_lr0.0005_20260418_035424.pt,checkpoints/delulunet_eurosat_0424_1635.pt
eurosat,evan_large,rgb,nir,0.000229,0.000788,120,0.467,0.356,0.433,0.5,417086484,latent+prefusion+distill+ce,False,3,cross,3,Acc,99.07,97.15,99.26,99.28,99.07,97.15,99.09,99.13,99.07,96.32,99.07,98.96,97.62,checkpoints/sft_evan_large_eurosat_rgb_fft_lr0.0005_20260418_035424.pt,checkpoints/delulunet_eurosat_0424_1637.pt
eurosat,evan_large,rgb,nir,0.000192,0.00353,120,0.322,0.283,0.296,0.5,417086484,latent+prefusion+distill+ce,False,3,cross,3,Acc,99.07,92.69,99.17,99.09,98.87,92.69,99.09,99.11,98.87,92.16,98.89,98.82,95.45,checkpoints/sft_evan_large_eurosat_rgb_fft_lr0.0005_20260418_035424.pt,checkpoints/delulunet_eurosat_0424_1642.pt
eurosat,evan_large,rgb,swir,0.000192,0.00353,120,0.322,0.283,0.296,0.5,417348628,latent+prefusion+distill+ce,False,3,cross,3,Acc,99.07,95.81,99.17,99.15,98.87,95.74,99.11,99.09,98.87,95.3,98.78,98.74,96.99,checkpoints/sft_evan_large_eurosat_rgb_fft_lr0.0005_20260418_035424.pt,checkpoints/delulunet_eurosat_0424_1646.pt
eurosat,evan_large,rgb,vre,0.000192,0.00353,120,0.322,0.283,0.296,0.5,417348628,latent+prefusion+distill+ce,False,3,cross,3,Acc,99.07,96.41,99.17,99.19,99.04,96.41,99.06,99.15,99.04,96.18,99.0,98.96,97.57,checkpoints/sft_evan_large_eurosat_rgb_fft_lr0.0005_20260418_035424.pt,checkpoints/delulunet_eurosat_0424_1652.pt
eurosat,evan_large,rgb,nir,0.000192,0.00353,120,0.322,0.283,0.296,0.5,417086484,latent+prefusion+distill+ce,False,3,cross,3,Acc,99.07,90.83,99.11,99.15,98.91,91.02,99.11,99.04,98.91,90.4,98.96,98.85,94.59,checkpoints/sft_evan_large_eurosat_rgb_fft_lr0.0005_20260418_035424.pt,checkpoints/delulunet_eurosat_0424_1653.pt
eurosat,evan_large,rgb,vre,0.000192,0.00353,120,0.322,0.283,0.296,0.5,417348628,latent+prefusion+distill+ce,False,3,cross,3,Acc,99.07,96.56,99.09,99.15,99.15,96.52,99.07,99.15,99.15,96.18,98.85,98.85,97.5,checkpoints/sft_evan_large_eurosat_rgb_fft_lr0.0005_20260418_035424.pt,checkpoints/delulunet_eurosat_0424_1658.pt
eurosat,evan_large,rgb,swir,0.000192,0.00353,120,0.322,0.283,0.296,0.5,417348628,latent+prefusion+distill+ce,False,3,cross,3,Acc,99.07,94.07,99.26,99.28,99.04,94.15,98.96,98.98,99.04,94.46,99.0,98.96,96.69,checkpoints/sft_evan_large_eurosat_rgb_fft_lr0.0005_20260418_035424.pt,checkpoints/delulunet_eurosat_0424_1659.pt
eurosat,evan_large,rgb,vre,0.000192,0.00353,120,0.322,0.283,0.296,0.5,417348628,latent+prefusion+distill+ce,False,3,cross,3,Acc,99.07,96.61,99.06,99.07,99.11,96.61,98.89,98.89,99.11,96.07,98.96,98.89,97.44,checkpoints/sft_evan_large_eurosat_rgb_fft_lr0.0005_20260418_035424.pt,checkpoints/delulunet_eurosat_0424_1704.pt
eurosat,evan_large,rgb,nir,0.000192,0.00353,120,0.322,0.283,0.296,0.5,417086484,latent+prefusion+distill+ce,False,3,cross,3,Acc,99.07,95.13,99.2,99.17,99.0,95.41,99.07,99.17,99.0,95.08,99.0,98.96,96.98,checkpoints/sft_evan_large_eurosat_rgb_fft_lr0.0005_20260418_035424.pt,checkpoints/delulunet_eurosat_0424_1712.pt
eurosat,evan_large,rgb,swir,0.000192,0.00353,120,0.322,0.283,0.296,0.5,417348628,latent+prefusion+distill+ce,False,3,cross,3,Acc,99.07,95.94,99.17,99.17,98.89,95.94,99.19,99.09,98.89,95.85,99.11,99.04,97.42,checkpoints/sft_evan_large_eurosat_rgb_fft_lr0.0005_20260418_035424.pt,checkpoints/delulunet_eurosat_0424_1716.pt
